employee_id,name,department,role,hire_date,manager_id,termination_date,status,previous_role,role_changed_on
E0001,Rachel Chong,Finance,AP Clerk,2012-11-14,E0209,,Active,,
E0002,Mei Yee Lee,Finance,AP Clerk,2015-08-30,E0197,,Active,,
E0003,Jun Hao Menon,Finance,AP Clerk,2014-12-13,E0194,,Active,,
E0004,Chee Keong Wong,Finance,AP Clerk,2020-03-28,E0197,,Active,,
E0005,Nadia Wong,Finance,AP Clerk,2013-07-01,E0190,2026-02-16,Terminated,,
E0006,Daniel Ng,Finance,AP Clerk,2018-07-26,E0207,,Active,,
E0007,Syafiq bin Hassan,Finance,AP Clerk,2025-03-07,E0208,,Active,,
E0008,Suresh Kumar,Finance,AP Clerk,2017-04-24,E0194,,Active,,
E0009,Kai Xin Ng,Finance,AP Clerk,2014-05-30,E0199,,Active,,
E0010,Daniel Raj,Finance,AP Clerk,2014-02-05,E0204,,Active,,
E0011,Zahra Wong,Finance,AP Clerk,2016-06-10,E0197,,Active,,
E0012,Kavitha Fernandez,Finance,AP Clerk,2022-08-21,E0197,2025-04-18,Terminated,,
E0013,Siew Mun binti Omar,Finance,AP Clerk,2014-08-19,E0192,,Active,,
E0014,Ahmad Chong,Finance,AR Clerk,2024-11-09,E0199,,Active,AP Clerk,2025-10-17
E0015,Firdaus Wong,Finance,AP Clerk,2020-12-30,E0192,,Active,,
E0016,Firdaus Lim,Finance,AP Clerk,2024-02-18,E0199,,Active,,
E0017,Li Wen bin Abdullah,Finance,AP Clerk,2015-02-18,E0191,,Active,,
E0018,Farah binti Yusof,Finance,AP Clerk,2022-10-02,E0210,,Active,,
E0019,Siew Mun Fernandez,Finance,AR Clerk,2014-09-26,E0197,,Active,AP Clerk,2025-08-22
E0020,Zahra bin Rahman,Finance,AP Clerk,2018-06-10,E0208,2025-07-20,Terminated,,
E0021,Ahmad binti Omar,Finance,AP Clerk,2017-09-29,E0201,2020-01-28,Terminated,,
E0022,Rachel Lee,Finance,AP Clerk,2024-09-05,E0197,,Active,,
E0023,Adrian binti Omar,Finance,AP Clerk,2018-10-12,E0197,2022-03-02,Terminated,,
E0024,Kai Xin binti Yusof,Finance,AP Clerk,2024-07-20,E0201,,Active,,
E0025,Siew Mun binti Yusof,Finance,AP Clerk,2020-06-10,E0196,,Active,,
E0026,Kavitha Ng,Finance,AP Clerk,2012-08-24,E0190,2020-08-18,Terminated,,
E0027,Adrian Wong,Finance,AP Clerk,2018-11-18,E0206,,Active,,
E0028,Chee Keong Anak Jelani,Finance,AP Clerk,2015-04-28,E0191,,Active,,
E0029,Kai Xin binti Omar,Finance,AP Clerk,2012-05-12,E0210,,Active,,
E0030,Firdaus Kumar,Finance,AP Clerk,2014-08-20,E0210,,Active,,
E0031,Adrian bin Rahman,Finance,AP Clerk,2024-09-15,E0201,,Active,,
E0032,Nadia Lim,Finance,AP Clerk,2020-12-26,E0194,,Active,,
E0033,Ganesh Kumar,Finance,AP Clerk,2020-03-17,E0199,,Active,,
E0034,Deepa bin Hassan,Finance,AP Clerk,2024-06-08,E0196,,Active,,
E0035,Firdaus Tan,Finance,AP Clerk,2018-09-09,E0190,,Active,,
E0036,Adrian Ng,Finance,AP Clerk,2012-12-06,E0199,,Active,,
E0037,Ahmad Pillai,Finance,AP Clerk,2012-10-24,E0201,2020-12-15,Terminated,,
E0038,Arun Lim,Finance,AP Clerk,2015-09-08,E0208,,Active,,
E0039,Ganesh Wong,Finance,AP Clerk,2024-05-17,E0190,,Active,,
E0040,Syafiq binti Yusof,Finance,AP Clerk,2022-05-26,E0200,,Active,,
E0041,Aisyah Kumar,Finance,AP Clerk,2019-02-08,E0205,2026-05-24,Terminated,,
E0042,Ganesh Kumar,Finance,AP Clerk,2024-04-24,E0193,,Active,,
E0043,Firdaus bin Abdullah,Finance,AP Clerk,2018-03-25,E0207,,Active,,
E0044,Syafiq Raj,Finance,AP Clerk,2015-03-21,E0194,,Active,,
E0045,Yee Han Fernandez,Finance,AP Clerk,2014-11-18,E0203,,Active,,
E0046,Izzati Wong,Finance,AP Clerk,2021-03-04,E0210,,Active,,
E0047,Zahra Kumar,Finance,AP Clerk,2014-03-22,E0195,,Active,,
E0048,Chee Keong Lee,Finance,AP Clerk,2023-03-16,E0196,,Active,,
E0049,Zahra Raj,Finance,AP Clerk,2018-05-03,E0206,2025-04-28,Terminated,,
E0050,Amirul bin Hassan,Finance,AP Clerk,2014-02-22,E0190,,Active,,
E0051,Adrian bin Hassan,Finance,AP Clerk,2025-02-12,E0193,,Active,,
E0052,Wei Ling Pillai,Finance,AP Clerk,2018-04-12,E0190,,Active,,
E0053,Yee Han Pillai,Finance,AP Clerk,2016-10-27,E0201,,Active,,
E0054,Mei Yee Menon,Finance,AP Clerk,2013-12-19,E0203,,Active,,
E0055,Syafiq Chong,Finance,AP Clerk,2016-11-20,E0194,2024-04-13,Terminated,,
E0056,Hafiz Pillai,Finance,AP Clerk,2012-06-11,E0210,2026-04-27,Terminated,,
E0057,Jun Hao Lim,Finance,AP Clerk,2012-11-10,E0207,,Active,,
E0058,Aisyah Lee,Finance,AP Clerk,2020-12-08,E0207,,Active,,
E0059,Ahmad bin Rahman,Finance,AP Clerk,2017-03-07,E0198,,Active,,
E0060,Siew Mun Lim,Finance,AP Clerk,2017-06-13,E0190,,Active,,
E0061,Rachel Lim,Finance,AP Clerk,2023-10-30,E0201,2024-01-30,Terminated,,
E0062,Li Wen Lim,Finance,AP Clerk,2019-10-05,E0202,2026-03-28,Terminated,,
E0063,Jun Hao Lee,Finance,AP Clerk,2017-07-12,E0199,,Active,,
E0064,Kavitha bin Rahman,Finance,AP Clerk,2015-09-26,E0210,,Active,,
E0065,Kavitha bin Abdullah,Finance,AP Clerk,2016-03-02,E0198,,Active,,
E0066,Hafiz bin Rahman,Finance,AP Clerk,2024-06-16,E0194,,Active,,
E0067,Nadia bin Rahman,Finance,AP Clerk,2025-02-14,E0204,2026-02-20,Terminated,,
E0068,Nadia Kumar,Finance,AP Clerk,2021-11-07,E0201,,Active,,
E0069,Daniel Raj,Finance,AP Clerk,2025-02-17,E0207,,Active,,
E0070,Adrian Lim,Finance,AP Clerk,2023-09-18,E0196,,Active,,
E0071,Kai Xin Ng,Finance,AP Supervisor,2021-09-28,E0198,2023-07-15,Terminated,,
E0072,Kai Xin Menon,Finance,AP Supervisor,2019-05-21,E0198,,Active,,
E0073,Siew Mun Nair,Finance,AP Supervisor,2015-03-15,E0193,,Active,,
E0074,Wei Ling Pillai,Finance,AP Supervisor,2016-10-05,E0193,2025-07-17,Terminated,,
E0075,Firdaus Wong,Finance,AP Supervisor,2013-03-19,E0198,2023-08-07,Terminated,,
E0076,Michelle bin Rahman,Finance,AP Supervisor,2019-12-25,E0208,2025-09-18,Terminated,,
E0077,Nurul Ng,Finance,AP Supervisor,2019-05-14,E0202,,Active,,
E0078,Rachel Lee,Finance,AP Supervisor,2026-04-16,E0205,,Active,,
E0079,Amirul bin Abdullah,Finance,AP Supervisor,2024-10-05,E0201,,Active,,
E0080,Izzati Lim,Finance,AP Supervisor,2021-08-10,E0192,2024-07-17,Terminated,,
E0081,Michelle Kumar,Finance,AP Supervisor,2023-03-08,E0209,,Active,,
E0082,Chee Keong Nair,Finance,AP Supervisor,2018-05-04,E0204,2025-01-03,Terminated,,
E0083,Siew Mun Wong,Finance,AP Supervisor,2012-11-05,E0199,,Active,,
E0084,Firdaus Menon,Finance,AP Supervisor,2025-04-21,E0207,,Active,,
E0085,Arun bin Rahman,Finance,AR Clerk,2020-09-01,E0206,,Active,,
E0086,Syafiq Menon,Finance,AR Clerk,2014-01-13,E0199,,Active,,
E0087,Mei Yee Wong,Finance,AR Clerk,2018-12-22,E0198,,Active,,
E0088,Li Wen bin Abdullah,Finance,AR Clerk,2014-01-05,E0191,,Active,,
E0089,Firdaus Chong,Finance,AR Clerk,2019-06-10,E0198,,Active,,
E0090,Chee Keong Menon,Finance,AR Clerk,2014-03-09,E0208,,Active,,
E0091,Siew Mun Ng,Finance,AR Clerk,2018-11-08,E0193,,Active,,
E0092,Zahra Ng,Finance,AR Clerk,2018-12-01,E0210,2024-05-27,Terminated,,
E0093,Amirul Pillai,Finance,AR Clerk,2018-05-13,E0202,,Active,,
E0094,Ahmad Fernandez,Finance,AR Clerk,2019-01-25,E0202,,Active,,
E0095,Hafiz Kumar,Finance,AR Clerk,2019-04-12,E0208,,Active,,
E0096,Zahra Lee,Finance,AR Clerk,2014-05-12,E0190,,Active,,
E0097,Hakim Fernandez,Finance,AR Clerk,2012-06-15,E0206,2023-09-02,Terminated,,
E0098,Amirul Nair,Finance,AR Clerk,2022-12-16,E0204,,Active,,
E0099,Priya Wong,Finance,AR Clerk,2013-01-07,E0191,,Active,,
E0100,Kavitha bin Rahman,Finance,AR Clerk,2017-03-19,E0207,,Active,,
E0101,Suresh Pillai,Finance,Finance Manager,2015-06-18,E0208,,Active,AR Clerk,2025-12-28
E0102,Li Wen Menon,Finance,AR Clerk,2023-12-14,E0198,,Active,,
E0103,Mei Yee bin Abdullah,Finance,AR Clerk,2015-09-05,E0192,,Active,,
E0104,Rachel Wong,Finance,AR Clerk,2015-12-31,E0190,,Active,,
E0105,Suresh bin Hassan,Finance,AR Clerk,2025-09-22,E0199,,Active,,
E0106,Yee Han Raj,Finance,AR Clerk,2024-07-26,E0201,,Active,,
E0107,Siew Mun bin Hassan,Finance,AR Clerk,2012-10-04,E0199,,Active,,
E0108,Hafiz Pillai,Finance,AR Clerk,2025-09-12,E0210,,Active,,
E0109,Priya Nair,Finance,AR Clerk,2023-08-03,E0197,,Active,,
E0110,Mei Yee bin Hassan,Finance,AR Clerk,2017-07-17,E0202,,Active,,
E0111,Jun Hao bin Abdullah,Finance,AR Clerk,2023-07-02,E0203,,Active,,
E0112,Arun bin Abdullah,Finance,AR Clerk,2019-02-23,E0205,,Active,,
E0113,Arun Lim,Finance,AR Clerk,2013-03-14,E0191,,Active,,
E0114,Chee Keong Anak Jelani,Finance,AR Clerk,2015-04-05,E0196,,Active,,
E0115,Nurul binti Yusof,Finance,AR Clerk,2015-10-26,E0204,,Active,,
E0116,Zahra bin Hassan,Finance,AR Clerk,2021-07-25,E0209,,Active,,
E0117,Deepa binti Omar,Finance,AR Clerk,2025-03-04,E0190,,Active,,
E0118,Rachel Lee,Finance,AR Clerk,2014-09-21,E0210,,Active,,
E0119,Priya Fernandez,Finance,AR Clerk,2015-02-28,E0210,,Active,,
E0120,Kai Xin Anak Jelani,Finance,AR Clerk,2018-05-04,E0203,,Active,,
E0121,Deepa Lee,Finance,AR Clerk,2019-07-21,E0200,,Active,,
E0122,Hafiz Tan,Finance,AR Clerk,2022-03-20,E0210,,Active,,
E0123,Firdaus binti Ismail,Finance,Financial Accountant,2015-03-06,E0190,,Active,AR Clerk,2025-08-27
E0124,Rachel Nair,Finance,AR Clerk,2017-10-12,E0195,2026-04-02,Terminated,,
E0125,Chee Keong binti Ismail,Finance,AR Clerk,2021-01-25,E0196,,Active,,
E0126,Nurul bin Hassan,Finance,AR Clerk,2012-09-09,E0205,,Active,,
E0127,Syafiq Kumar,Finance,Treasury Officer,2018-06-29,E0210,2021-06-06,Terminated,,
E0128,Zahra bin Hassan,Finance,Treasury Officer,2015-06-30,E0193,2021-12-07,Terminated,,
E0129,Yee Han binti Yusof,Finance,Treasury Officer,2025-11-18,E0205,,Active,,
E0130,Aisyah Menon,Finance,Treasury Officer,2019-12-20,E0197,,Active,,
E0131,Adrian Nair,Finance,Treasury Officer,2019-03-16,E0200,2026-03-22,Terminated,,
E0132,Zahra binti Ismail,Finance,Treasury Officer,2020-08-04,E0190,,Active,,
E0133,Michelle Chong,Finance,Treasury Officer,2021-01-04,E0195,,Active,,
E0134,Zahra Tan,Finance,Treasury Officer,2023-05-18,E0206,,Active,,
E0135,Farah binti Omar,Finance,Treasury Officer,2015-03-04,E0196,,Active,,
E0136,Kavitha Menon,Finance,Treasury Officer,2017-07-13,E0201,,Active,,
E0137,Hafiz Raj,Finance,Treasury Officer,2021-08-04,E0205,,Active,,
E0138,Arun binti Yusof,Finance,Treasury Officer,2024-07-30,E0203,,Active,,
E0139,Kai Xin binti Ismail,Finance,Treasury Officer,2019-02-09,E0209,,Active,,
E0140,Aisyah bin Hassan,Finance,Treasury Officer,2017-04-23,E0199,,Active,,
E0141,Priya Wong,Finance,Treasury Officer,2019-01-15,E0192,,Active,,
E0142,Ganesh Wong,Finance,Treasury Officer,2016-03-16,E0198,,Active,,
E0143,Zahra Fernandez,Finance,Treasury Officer,2024-06-06,E0193,,Active,,
E0144,Yee Han bin Abdullah,Finance,Treasury Officer,2020-03-22,E0203,,Active,,
E0145,Jun Hao Kumar,Finance,Treasury Officer,2015-10-12,E0193,,Active,,
E0146,Jun Hao Tan,Finance,Treasury Officer,2022-07-23,E0192,,Active,,
E0147,Siew Mun Nair,Finance,Treasury Officer,2015-05-22,E0199,2023-03-07,Terminated,,
E0148,Nurul Pillai,Finance,Financial Accountant,2019-10-17,E0195,2025-03-15,Terminated,,
E0149,Michelle binti Omar,Finance,Financial Accountant,2018-05-08,E0205,,Active,,
E0150,Daniel Fernandez,Finance,Financial Accountant,2025-05-18,E0192,,Active,,
E0151,Rachel Ng,Finance,Financial Accountant,2015-07-17,E0196,,Active,,
E0152,Michelle Nair,Finance,Financial Accountant,2012-02-08,E0205,2021-08-16,Terminated,,
E0153,Ganesh Menon,Finance,Financial Accountant,2014-11-14,E0195,2022-12-14,Terminated,,
E0154,Zahra Lee,Finance,Financial Accountant,2021-10-14,E0197,,Active,,
E0155,Chee Keong binti Yusof,Finance,Financial Accountant,2012-12-30,E0198,,Active,,
E0156,Kavitha binti Yusof,Finance,Financial Accountant,2018-11-11,E0207,,Active,,
E0157,Hafiz Ng,Finance,Financial Accountant,2025-10-24,E0195,,Active,,
E0158,Nurul binti Yusof,Finance,Financial Accountant,2020-09-25,E0202,,Active,,
E0159,Mei Yee binti Ismail,Finance,Financial Accountant,2025-10-05,E0202,,Active,,
E0160,Syafiq binti Omar,Finance,Financial Accountant,2021-04-14,E0203,,Active,,
E0161,Hakim Menon,Finance,Financial Accountant,2020-03-31,E0210,,Active,,
E0162,Hakim Nair,Finance,Financial Accountant,2016-04-21,E0193,,Active,,
E0163,Michelle Ng,Finance,Financial Accountant,2014-08-18,E0192,,Active,,
E0164,Mei Yee Chong,Finance,Financial Accountant,2025-05-03,E0190,2026-02-13,Terminated,,
E0165,Priya bin Abdullah,Finance,Financial Accountant,2025-05-26,E0208,,Active,,
E0166,Syafiq Raj,Finance,Financial Accountant,2014-04-18,E0196,,Active,,
E0167,Rachel Ng,Finance,Financial Accountant,2017-12-25,E0190,,Active,,
E0168,Li Wen binti Omar,Finance,Financial Accountant,2022-05-22,E0201,,Active,,
E0169,Rachel Raj,Finance,Financial Accountant,2016-07-31,E0199,,Active,,
E0170,Suresh Pillai,Finance,Financial Accountant,2024-09-17,E0194,,Active,,
E0171,Adrian binti Ismail,Finance,Financial Accountant,2015-01-12,E0207,,Active,,
E0172,Zahra Lee,Finance,Financial Accountant,2015-07-28,E0208,,Active,,
E0173,Firdaus Nair,Finance,Financial Accountant,2024-08-07,E0202,,Active,,
E0174,Mei Yee Pillai,Finance,Financial Accountant,2017-11-29,E0201,,Active,,
E0175,Mei Yee bin Rahman,Finance,Financial Accountant,2022-11-10,E0195,,Active,,
E0176,Priya Raj,Finance,Financial Accountant,2025-08-30,E0193,,Active,,
E0177,Arun Wong,Finance,Financial Accountant,2012-09-18,E0197,,Active,,
E0178,Li Wen Lee,Finance,Financial Accountant,2014-01-21,E0194,2026-04-18,Terminated,,
E0179,Jun Hao bin Abdullah,Finance,Financial Accountant,2013-11-08,E0199,,Active,,
E0180,Ahmad bin Rahman,Finance,Financial Accountant,2019-04-04,E0208,,Active,,
E0181,Amirul Pillai,Finance,Financial Accountant,2020-11-28,E0198,,Active,,
E0182,Daniel binti Yusof,Finance,Financial Accountant,2019-01-17,E0198,,Active,,
E0183,Deepa Nair,Finance,Financial Accountant,2023-11-12,E0198,2026-05-15,Terminated,,
E0184,Michelle binti Omar,Finance,Financial Accountant,2019-02-13,E0205,,Active,,
E0185,Kavitha Menon,Finance,Financial Accountant,2016-09-06,E0205,,Active,,
E0186,Amirul Chong,Finance,Financial Accountant,2016-04-28,E0196,2025-08-07,Terminated,,
E0187,Michelle Fernandez,Finance,Treasury Officer,2012-12-31,E0198,,Active,Financial Accountant,2025-10-11
E0188,Rachel Wong,Finance,Financial Accountant,2018-08-15,E0196,,Active,,
E0189,Siew Mun Wong,Finance,Financial Accountant,2020-01-07,E0198,,Active,,
E0190,Farah Wong,Finance,Finance Manager,2015-08-30,E0196,,Active,,
E0191,Rachel Fernandez,Finance,Finance Manager,2013-02-04,E0204,,Active,,
E0192,Daniel Fernandez,Finance,Finance Manager,2025-01-01,E0205,,Active,,
E0193,Aisyah Pillai,Finance,Finance Manager,2024-04-21,E0192,,Active,,
E0194,Ganesh bin Rahman,Finance,Finance Manager,2023-05-07,E0200,,Active,,
E0195,Daniel binti Ismail,Finance,Finance Manager,2013-04-02,E0204,,Active,,
E0196,Kavitha Tan,Finance,Finance Manager,2013-01-31,E0001,,Active,,
E0197,Arun bin Abdullah,Finance,Finance Manager,2017-03-01,E0209,2020-08-31,Terminated,,
E0198,Priya binti Omar,Finance,Finance Manager,2023-06-26,E0200,,Active,,
E0199,Kavitha Nair,Finance,Finance Manager,2016-12-10,E0196,,Active,,
E0200,Nadia Wong,Finance,Finance Manager,2015-03-06,E0197,,Active,,
E0201,Ahmad Kumar,Finance,Finance Manager,2014-07-13,E0203,2025-12-16,Terminated,,
E0202,Priya Chong,Finance,Finance Manager,2020-04-14,E0192,2023-10-11,Terminated,,
E0203,Deepa Menon,Finance,Finance Manager,2024-11-10,E0193,2026-06-03,Terminated,,
E0204,Chee Keong Kumar,Finance,Executive,2013-12-19,E0196,,Active,,
E0205,Mei Yee Lim,Finance,Executive,2023-06-05,E0197,,Active,,
E0206,Ahmad bin Rahman,Finance,Finance Manager,2024-08-12,E0203,,Active,Executive,2025-10-24
E0207,Arun bin Abdullah,Finance,Executive,2023-12-06,E0205,2025-04-15,Terminated,,
E0208,Kai Xin Tan,Finance,Executive,2012-01-22,E0203,,Active,,
E0209,Mei Yee binti Ismail,Finance,Executive,2023-03-29,E0202,2023-08-31,Terminated,,
E0210,Farah Chong,Finance,Executive,2012-04-18,E0199,2023-05-10,Terminated,,
E0211,Aisyah Wong,Procurement,Procurement Officer,2024-05-23,E0280,,Active,,
E0212,Amirul Raj,Procurement,Procurement Officer,2025-06-04,E0269,,Active,,
E0213,Li Wen Nair,Procurement,Procurement Officer,2017-06-11,E0273,2025-08-16,Terminated,,
E0214,Yee Han Tan,Procurement,Procurement Officer,2014-12-04,E0279,2026-02-20,Terminated,,
E0215,Firdaus bin Rahman,Procurement,Procurement Officer,2025-11-06,E0268,,Active,,
E0216,Li Wen Kumar,Procurement,Procurement Officer,2022-04-02,E0278,2023-04-20,Terminated,,
E0217,Mei Yee Fernandez,Procurement,Procurement Officer,2013-11-23,E0275,,Active,,
E0218,Rachel bin Abdullah,Procurement,Procurement Officer,2024-11-11,E0275,,Active,,
E0219,Syafiq bin Rahman,Procurement,Procurement Officer,2015-11-11,E0269,,Active,,
E0220,Ahmad Ng,Procurement,Procurement Officer,2022-11-23,E0268,,Active,,
E0221,Yee Han bin Abdullah,Procurement,Procurement Officer,2018-02-09,E0278,,Active,,
E0222,Priya Ng,Procurement,Procurement Officer,2017-08-13,E0273,,Active,,
E0223,Siew Mun bin Hassan,Procurement,Procurement Officer,2019-06-16,E0280,2024-03-02,Terminated,,
E0224,Ganesh Raj,Procurement,Procurement Officer,2024-12-08,E0270,,Active,,
E0225,Siew Mun Wong,Procurement,Procurement Officer,2021-02-19,E0271,2026-05-16,Terminated,,
E0226,Daniel Nair,Procurement,Procurement Officer,2020-04-06,E0268,,Active,,
E0227,Wei Ling bin Abdullah,Procurement,Procurement Officer,2013-10-03,E0273,,Active,,
E0228,Jun Hao Anak Jelani,Procurement,Procurement Officer,2015-11-18,E0271,,Active,,
E0229,Yee Han Lim,Procurement,Procurement Officer,2017-06-23,E0272,,Active,,
E0230,Wei Ling Fernandez,Procurement,Procurement Officer,2019-12-16,E0274,,Active,,
E0231,Izzati binti Omar,Procurement,Procurement Officer,2016-11-09,E0273,,Active,,
E0232,Ahmad Raj,Procurement,Procurement Officer,2014-05-13,E0273,2024-02-16,Terminated,,
E0233,Mei Yee binti Yusof,Procurement,Procurement Officer,2021-10-08,E0277,2022-04-24,Terminated,,
E0234,Mei Yee Kumar,Procurement,Procurement Officer,2013-11-12,E0268,2026-05-16,Terminated,,
E0235,Kavitha Lee,Procurement,Vendor Master Admin,2019-12-12,E0274,,Active,Procurement Officer,2025-12-14
E0236,Suresh Ng,Procurement,Procurement Officer,2021-06-09,E0275,,Active,,
E0237,Kavitha Wong,Procurement,Procurement Officer,2013-12-18,E0267,,Active,,
E0238,Jun Hao Lim,Procurement,Procurement Officer,2014-07-17,E0270,2026-04-23,Terminated,,
E0239,Chee Keong Tan,Procurement,Procurement Officer,2023-02-17,E0277,,Active,,
E0240,Zahra binti Omar,Procurement,Procurement Officer,2015-05-31,E0272,,Active,,
E0241,Nadia Fernandez,Procurement,Procurement Officer,2014-05-20,E0278,,Active,,
E0242,Chee Keong binti Omar,Procurement,Procurement Officer,2016-11-12,E0267,,Active,,
E0243,Suresh binti Omar,Procurement,Procurement Officer,2023-08-02,E0274,,Active,,
E0244,Mei Yee Raj,Procurement,Procurement Officer,2024-11-27,E0268,,Active,,
E0245,Priya Tan,Procurement,Procurement Officer,2017-01-19,E0278,,Active,,
E0246,Arun bin Abdullah,Procurement,Procurement Officer,2018-01-10,E0267,,Active,,
E0247,Ahmad Nair,Procurement,Procurement Officer,2022-07-01,E0268,2024-05-16,Terminated,,
E0248,Deepa Tan,Procurement,Procurement Officer,2016-07-02,E0270,,Active,,
E0249,Mei Yee Wong,Procurement,Procurement Officer,2024-11-23,E0268,,Active,,
E0250,Kai Xin Chong,Procurement,Procurement Officer,2017-09-07,E0279,,Active,,
E0251,Daniel binti Yusof,Procurement,Procurement Officer,2016-04-28,E0277,,Active,,
E0252,Arun Chong,Procurement,Procurement Officer,2018-11-04,E0280,,Active,,
E0253,Syafiq Wong,Procurement,Procurement Officer,2020-11-23,E0272,,Active,,
E0254,Nadia Kumar,Procurement,Procurement Officer,2023-11-10,E0267,,Active,,
E0255,Nurul Fernandez,Procurement,Procurement Officer,2013-04-09,E0269,,Active,,
E0256,Adrian Ng,Procurement,Procurement Officer,2024-11-22,E0273,,Active,,
E0257,Zahra Chong,Procurement,Procurement Officer,2020-10-14,E0279,2026-05-20,Terminated,,
E0258,Izzati Ng,Procurement,Procurement Officer,2012-05-25,E0270,,Active,,
E0259,Nadia Pillai,Procurement,Procurement Officer,2020-06-23,E0277,,Active,,
E0260,Ahmad Nair,Procurement,Procurement Officer,2023-04-15,E0277,,Active,,
E0261,Kai Xin Tan,Procurement,Procurement Officer,2018-04-19,E0273,,Active,,
E0262,Jun Hao Chong,Procurement,Procurement Officer,2024-04-25,E0269,,Active,,
E0263,Kai Xin Wong,Procurement,Procurement Officer,2022-04-09,E0275,2025-12-30,Terminated,,
E0264,Kavitha Fernandez,Procurement,Procurement Officer,2012-06-26,E0275,2026-01-15,Terminated,,
E0265,Li Wen Menon,Procurement,Procurement Officer,2014-07-16,E0278,,Active,,
E0266,Rachel Tan,Procurement,Procurement Officer,2022-06-12,E0274,,Active,,
E0267,Siew Mun Lee,Procurement,Procurement Manager,2015-07-20,E0270,,Active,,
E0268,Farah binti Yusof,Procurement,Procurement Manager,2016-08-26,E0275,,Active,,
E0269,Jun Hao Kumar,Procurement,Procurement Manager,2022-03-27,E0278,,Active,,
E0270,Ganesh Menon,Procurement,Procurement Manager,2013-07-21,E0267,,Active,,
E0271,Hafiz Pillai,Procurement,Procurement Manager,2023-09-29,E0267,,Active,,
E0272,Yee Han Chong,Procurement,Vendor Master Admin,2025-07-09,E0280,,Active,Procurement Manager,2025-07-06
E0273,Daniel bin Abdullah,Procurement,Procurement Manager,2016-10-23,E0278,,Active,,
E0274,Rachel bin Hassan,Procurement,Procurement Manager,2014-05-18,E0276,,Active,,
E0275,Amirul binti Ismail,Procurement,Procurement Manager,2026-02-12,E0268,,Active,,
E0276,Suresh binti Yusof,Procurement,Procurement Manager,2015-08-06,E0001,,Active,,
E0277,Priya Wong,Procurement,Procurement Manager,2019-12-26,E0275,2023-10-06,Terminated,,
E0278,Hafiz Chong,Procurement,Vendor Master Admin,2020-07-30,E0276,,Active,Procurement Manager,2025-09-18
E0279,Adrian binti Omar,Procurement,Procurement Manager,2014-09-12,E0268,,Active,,
E0280,Rachel Raj,Procurement,Procurement Manager,2024-01-25,E0270,,Active,,
E0281,Yee Han Tan,Procurement,Vendor Master Admin,2020-10-28,E0268,,Active,,
E0282,Deepa Raj,Procurement,Vendor Master Admin,2016-08-08,E0269,,Active,,
E0283,Zahra Ng,Procurement,Vendor Master Admin,2019-09-16,E0275,2020-10-26,Terminated,,
E0284,Aisyah Lee,Procurement,Vendor Master Admin,2015-04-09,E0272,,Active,,
E0285,Arun Anak Jelani,Procurement,Vendor Master Admin,2016-11-10,E0277,,Active,,
E0286,Rachel Fernandez,Procurement,Vendor Master Admin,2018-01-26,E0279,,Active,,
E0287,Ganesh Wong,Procurement,Vendor Master Admin,2022-03-22,E0277,,Active,,
E0288,Ganesh bin Abdullah,Procurement,Vendor Master Admin,2026-01-23,E0280,2026-03-27,Terminated,,
E0289,Siew Mun bin Rahman,Procurement,Vendor Master Admin,2016-07-18,E0277,,Active,,
E0290,Wei Ling Ng,Procurement,Vendor Master Admin,2016-03-07,E0272,,Active,,
E0291,Syafiq bin Abdullah,Procurement,Vendor Master Admin,2025-08-05,E0269,,Active,,
E0292,Amirul Fernandez,Procurement,Vendor Master Admin,2013-04-22,E0268,,Active,,
E0293,Jun Hao Nair,Procurement,Vendor Master Admin,2025-12-02,E0275,,Active,,
E0294,Amirul Pillai,Procurement,Vendor Master Admin,2012-12-23,E0277,,Active,,
E0295,Suresh bin Hassan,Human Resources,HR Officer,2024-12-17,E0341,2025-07-02,Terminated,,
E0296,Zahra bin Hassan,Human Resources,HR Officer,2019-04-03,E0375,2020-11-18,Terminated,,
E0297,Suresh bin Hassan,Human Resources,HR Officer,2014-04-22,E0372,,Active,,
E0298,Siew Mun binti Omar,Human Resources,HR Officer,2016-09-22,E0375,,Active,,
E0299,Hafiz binti Omar,Human Resources,HR Officer,2025-02-20,E0376,2026-04-05,Terminated,,
E0300,Daniel Tan,Human Resources,HR Officer,2012-03-07,E0344,,Active,,
E0301,Ahmad Wong,Human Resources,HR Officer,2019-05-09,E0343,,Active,,
E0302,Aisyah Wong,Human Resources,HR Officer,2012-10-31,E0377,,Active,,
E0303,Chee Keong binti Omar,Human Resources,HR Officer,2020-04-19,E0340,2022-03-11,Terminated,,
E0304,Syafiq Fernandez,Human Resources,HR Officer,2018-04-28,E0341,,Active,,
E0305,Priya Anak Jelani,Human Resources,HR Officer,2017-07-14,E0348,,Active,,
E0306,Deepa Ng,Human Resources,HR Officer,2014-02-22,E0341,2022-02-23,Terminated,,
E0307,Yee Han binti Omar,Human Resources,HR Officer,2012-06-21,E0350,,Active,,
E0308,Priya Anak Jelani,Human Resources,HR Officer,2016-11-01,E0342,,Active,,
E0309,Arun Ng,Human Resources,HR Officer,2020-02-04,E0338,,Active,,
E0310,Farah Wong,Human Resources,HR Officer,2017-11-22,E0345,,Active,,
E0311,Yee Han bin Rahman,Human Resources,HR Officer,2016-07-16,E0377,,Active,,
E0312,Hakim Chong,Human Resources,HR Officer,2026-05-01,E0378,,Active,,
E0313,Farah Fernandez,Human Resources,Payroll Officer,2024-04-20,E0376,,Active,HR Officer,2026-03-12
E0314,Ganesh bin Hassan,Human Resources,HR Officer,2026-04-04,E0342,,Active,,
E0315,Li Wen Lim,Human Resources,HR Officer,2022-09-06,E0343,,Active,,
E0316,Hafiz bin Hassan,Human Resources,HR Officer,2019-12-01,E0348,,Active,,
E0317,Farah bin Hassan,Human Resources,HR Officer,2019-04-09,E0346,,Active,,
E0318,Firdaus Wong,Human Resources,HR Officer,2022-09-04,E0340,,Active,,
E0319,Firdaus Kumar,Human Resources,HR Officer,2022-10-18,E0338,,Active,,
E0320,Priya bin Hassan,Human Resources,HR Officer,2019-09-21,E0378,2025-12-20,Terminated,,
E0321,Michelle Pillai,Human Resources,HR Officer,2012-10-09,E0344,2025-10-03,Terminated,,
E0322,Arun Ng,Human Resources,HR Officer,2014-08-24,E0347,,Active,,
E0323,Siew Mun bin Hassan,Human Resources,HR Officer,2019-03-30,E0340,,Active,,
E0324,Adrian binti Ismail,Human Resources,HR Officer,2022-01-17,E0377,,Active,,
E0325,Izzati Pillai,Human Resources,HR Officer,2017-08-13,E0344,,Active,,
E0326,Li Wen Anak Jelani,Human Resources,HR Officer,2017-03-08,E0339,,Active,,
E0327,Rachel Nair,Human Resources,HR Officer,2014-12-27,E0377,,Active,,
E0328,Daniel Ng,Human Resources,HR Officer,2021-10-08,E0346,2026-02-09,Terminated,,
E0329,Siew Mun Kumar,Human Resources,HR Officer,2019-10-19,E0376,2021-08-25,Terminated,,
E0330,Michelle Raj,Human Resources,HR Officer,2018-09-16,E0347,,Active,,
E0331,Ganesh bin Abdullah,Human Resources,HR Officer,2022-06-07,E0377,,Active,,
E0332,Kavitha binti Omar,Human Resources,HR Officer,2015-08-12,E0342,2021-06-23,Terminated,,
E0333,Rachel bin Hassan,Human Resources,HR Officer,2024-01-06,E0349,,Active,,
E0334,Izzati Ng,Human Resources,HR Manager,2015-09-21,E0373,,Active,HR Officer,2026-02-22
E0335,Amirul Fernandez,Human Resources,HR Officer,2023-01-24,E0374,,Active,,
E0336,Chee Keong binti Omar,Human Resources,HR Officer,2012-01-16,E0378,,Active,,
E0337,Daniel binti Ismail,Human Resources,HR Manager,2012-06-06,E0340,,Active,,
E0338,Deepa Wong,Human Resources,HR Manager,2012-03-25,E0339,,Active,,
E0339,Daniel Lim,Human Resources,HR Manager,2022-01-26,E0341,2026-03-13,Terminated,,
E0340,Zahra binti Ismail,Human Resources,HR Manager,2015-09-26,E0337,,Active,,
E0341,Zahra Ng,Human Resources,HR Manager,2018-07-06,E0377,2020-12-03,Terminated,,
E0342,Hafiz Wong,Human Resources,HR Manager,2026-02-08,E0374,,Active,,
E0343,Li Wen Anak Jelani,Human Resources,HR Manager,2016-09-04,E0339,,Active,,
E0344,Arun Raj,Human Resources,HR Manager,2020-04-16,E0346,2022-03-14,Terminated,,
E0345,Daniel binti Omar,Human Resources,HR Manager,2014-09-30,E0342,,Active,,
E0346,Arun Fernandez,Human Resources,HR Manager,2018-06-18,E0344,2026-01-27,Terminated,,
E0347,Amirul Tan,Human Resources,HR Manager,2018-03-10,E0345,,Active,,
E0348,Izzati Nair,Human Resources,HR Manager,2024-02-12,E0345,,Active,,
E0349,Izzati Lim,Human Resources,HR Manager,2023-10-05,E0377,2025-06-20,Terminated,,
E0350,Li Wen Menon,Human Resources,HR Manager,2013-11-11,E0348,,Active,,
E0351,Syafiq binti Omar,Human Resources,Payroll Officer,2017-08-11,E0346,,Active,,
E0352,Yee Han Lee,Human Resources,Payroll Officer,2015-10-06,E0346,,Active,,
E0353,Jun Hao binti Omar,Human Resources,Payroll Officer,2018-03-10,E0339,,Active,,
E0354,Nadia Lim,Human Resources,Payroll Officer,2021-01-03,E0337,2026-04-10,Terminated,,
E0355,Kavitha Lee,Human Resources,Payroll Officer,2012-11-21,E0347,,Active,,
E0356,Hafiz Raj,Human Resources,Payroll Officer,2026-02-06,E0341,,Active,,
E0357,Li Wen Tan,Human Resources,Payroll Officer,2024-10-14,E0375,,Active,,
E0358,Rachel Nair,Human Resources,Payroll Officer,2022-07-12,E0349,,Active,,
E0359,Firdaus Wong,Human Resources,Payroll Officer,2023-09-06,E0346,,Active,,
E0360,Yee Han bin Hassan,Human Resources,Payroll Officer,2014-09-06,E0348,,Active,,
E0361,Li Wen Anak Jelani,Human Resources,Payroll Officer,2022-01-05,E0375,2023-09-01,Terminated,,
E0362,Yee Han Anak Jelani,Human Resources,Payroll Officer,2023-12-30,E0340,,Active,,
E0363,Deepa Chong,Human Resources,Payroll Officer,2016-12-09,E0350,,Active,,
E0364,Aisyah Anak Jelani,Human Resources,Payroll Officer,2015-01-27,E0376,,Active,,
E0365,Firdaus binti Omar,Human Resources,Payroll Officer,2020-04-05,E0341,,Active,,
E0366,Rachel Raj,Human Resources,Payroll Officer,2020-11-08,E0372,,Active,,
E0367,Arun Anak Jelani,Human Resources,Payroll Officer,2018-01-08,E0343,2026-03-29,Terminated,,
E0368,Kavitha binti Yusof,Human Resources,Payroll Officer,2022-06-22,E0346,,Active,,
E0369,Amirul binti Ismail,Human Resources,Payroll Officer,2025-09-02,E0340,,Active,,
E0370,Kai Xin Pillai,Human Resources,Payroll Officer,2022-07-11,E0349,,Active,,
E0371,Arun bin Abdullah,Human Resources,Payroll Officer,2013-01-24,E0350,,Active,,
E0372,Kai Xin Menon,Human Resources,Payroll Manager,2024-03-09,E0374,,Active,,
E0373,Jun Hao bin Abdullah,Human Resources,Payroll Manager,2025-11-19,E0378,,Active,,
E0374,Siew Mun Lim,Human Resources,Payroll Manager,2013-02-08,E0376,,Active,,
E0375,Daniel binti Ismail,Human Resources,Payroll Manager,2022-10-05,E0378,,Active,,
E0376,Li Wen Lee,Human Resources,Payroll Manager,2012-08-28,E0378,,Active,,
E0377,Li Wen bin Hassan,Human Resources,Payroll Manager,2025-10-24,E0344,,Active,,
E0378,Mei Yee Lee,Human Resources,Payroll Manager,2018-12-12,E0342,,Active,,
E0379,Farah bin Hassan,IT,IT Support,2015-06-08,E0001,,Active,,
E0380,Mei Yee bin Hassan,IT,IT Support,2020-01-22,E0379,,Active,,
E0381,Siew Mun Kumar,IT,IT Support,2018-09-25,E0379,,Active,,
E0382,Siew Mun Wong,IT,IT Support,2020-03-11,E0379,,Active,,
E0383,Hakim Chong,IT,IT Support,2016-09-03,E0379,,Active,,
E0384,Yee Han Nair,IT,IT Support,2016-04-16,E0379,2022-07-29,Terminated,,
E0385,Kavitha Lee,IT,IT Support,2020-01-05,E0379,,Active,,
E0386,Wei Ling Kumar,IT,IT Support,2021-02-06,E0379,,Active,,
E0387,Siew Mun Wong,IT,IT Support,2017-05-08,E0379,,Active,,
E0388,Ahmad bin Abdullah,IT,IT Support,2018-05-09,E0379,2024-06-29,Terminated,,
E0389,Nurul Anak Jelani,IT,IT Support,2020-09-20,E0379,,Active,,
E0390,Arun Pillai,IT,IT Support,2023-12-08,E0379,,Active,,
E0391,Jun Hao Fernandez,IT,IT Support,2022-06-15,E0379,2025-10-05,Terminated,,
E0392,Jun Hao Chong,IT,IT Support,2014-12-13,E0379,,Active,,
E0393,Kavitha Pillai,IT,IT Support,2019-08-28,E0379,,Active,,
E0394,Arun Lee,IT,IT Support,2022-07-23,E0379,2025-08-06,Terminated,,
E0395,Rachel binti Yusof,IT,IT Support,2021-01-15,E0379,,Active,,
E0396,Arun Ng,IT,IT Support,2012-05-03,E0379,2021-10-20,Terminated,,
E0397,Kai Xin Anak Jelani,IT,IT Support,2015-08-21,E0379,,Active,,
E0398,Chee Keong Tan,IT,IT Support,2013-10-26,E0379,,Active,,
E0399,Chee Keong bin Rahman,IT,IT Support,2016-05-28,E0379,,Active,,
E0400,Priya Tan,IT,IT Support,2014-07-21,E0379,,Active,,
E0401,Yee Han Lim,IT,IT Support,2020-02-29,E0379,,Active,,
E0402,Michelle Raj,IT,IT Support,2016-05-12,E0379,,Active,,
E0403,Michelle binti Yusof,IT,IT Support,2016-04-02,E0379,,Active,,
E0404,Nadia Lim,IT,IT Support,2014-07-13,E0379,2020-07-22,Terminated,,
E0405,Izzati Pillai,IT,IT Support,2012-05-03,E0379,,Active,,
E0406,Mei Yee Lee,IT,IT Support,2012-03-12,E0379,,Active,,
E0407,Ahmad Wong,IT,IT Support,2025-05-14,E0379,,Active,,
E0408,Zahra Nair,IT,IT Support,2020-11-27,E0379,,Active,,
E0409,Firdaus binti Omar,IT,IT Support,2025-08-12,E0379,,Active,,
E0410,Rachel Lee,IT,IT Support,2025-06-26,E0379,,Active,,
E0411,Amirul bin Abdullah,IT,IT Support,2020-12-08,E0379,,Active,,
E0412,Syafiq Kumar,IT,IT Support,2020-01-03,E0379,2024-07-07,Terminated,,
E0413,Hakim Anak Jelani,IT,IT Support,2020-11-26,E0379,,Active,,
E0414,Farah Wong,IT,IT Support,2022-06-07,E0379,,Active,,
E0415,Daniel Wong,IT,IT Support,2025-12-27,E0379,,Active,,
E0416,Ganesh Raj,IT,IT Support,2015-11-05,E0379,,Active,,
E0417,Nurul Tan,IT,IT Support,2016-08-26,E0379,,Active,,
E0418,Jun Hao bin Hassan,IT,IT Support,2018-06-16,E0379,,Active,,
E0419,Jun Hao Fernandez,IT,IT Support,2020-09-30,E0379,2026-01-26,Terminated,,
E0420,Wei Ling binti Ismail,IT,IT Support,2015-02-18,E0379,2024-02-14,Terminated,,
E0421,Li Wen bin Rahman,IT,IT Support,2025-11-06,E0379,,Active,,
E0422,Jun Hao Ng,IT,IT Support,2025-09-07,E0379,,Active,,
E0423,Izzati bin Rahman,IT,IT Support,2018-04-29,E0379,,Active,,
E0424,Syafiq Raj,IT,IT Support,2025-01-16,E0379,,Active,,
E0425,Aisyah Pillai,IT,IT Support,2017-03-06,E0379,2026-01-05,Terminated,,
E0426,Michelle Lim,IT,IT Support,2025-03-09,E0379,2025-08-12,Terminated,,
E0427,Syafiq binti Yusof,IT,IT Support,2016-07-31,E0379,,Active,,
E0428,Deepa Lim,IT,IT Support,2017-12-26,E0379,,Active,,
E0429,Hafiz Chong,IT,IT Support,2017-02-10,E0379,,Active,,
E0430,Amirul binti Yusof,IT,IT Support,2014-11-26,E0379,,Active,,
E0431,Izzati Tan,IT,IT Support,2017-01-12,E0379,,Active,,
E0432,Siew Mun bin Abdullah,IT,IT Support,2024-07-03,E0379,,Active,,
E0433,Hakim Raj,IT,IT Support,2023-06-19,E0379,,Active,,
E0434,Nadia Wong,IT,IT Support,2023-07-13,E0379,,Active,,
E0435,Nurul Menon,IT,IT Administrator,2020-11-16,E0379,2026-05-15,Terminated,,
E0436,Firdaus bin Rahman,IT,IT Administrator,2023-06-11,E0379,,Active,,
E0437,Hafiz Raj,IT,IT Administrator,2014-01-19,E0379,,Active,,
E0438,Deepa Kumar,IT,IT Administrator,2025-06-25,E0379,,Active,,
E0439,Aisyah binti Omar,IT,IT Administrator,2016-06-16,E0379,2023-08-19,Terminated,,
E0440,Kai Xin Fernandez,IT,IT Administrator,2018-07-26,E0379,,Active,,
E0441,Jun Hao Ng,IT,IT Administrator,2017-09-15,E0379,2026-05-22,Terminated,,
E0442,Arun bin Hassan,IT,IT Administrator,2019-07-05,E0379,,Active,,
E0443,Adrian Pillai,IT,IT Administrator,2016-04-28,E0379,,Active,,
E0444,Siew Mun bin Rahman,IT,IT Administrator,2020-12-29,E0379,,Active,,
E0445,Ganesh Ng,IT,IT Administrator,2018-02-04,E0379,,Active,,
E0446,Hakim Lee,IT,IT Administrator,2024-07-18,E0379,,Active,,
E0447,Kai Xin Tan,IT,IT Administrator,2021-06-14,E0379,,Active,,
E0448,Li Wen bin Rahman,IT,IT Administrator,2021-10-20,E0379,2026-02-11,Terminated,,
E0449,Yee Han Ng,IT,IT Administrator,2018-07-12,E0379,,Active,,
E0450,Mei Yee Kumar,IT,IT Administrator,2017-03-07,E0379,,Active,,
E0451,Zahra Pillai,IT,IT Administrator,2022-03-17,E0379,2022-09-06,Terminated,,
E0452,Mei Yee bin Hassan,IT,IT Administrator,2018-02-09,E0379,,Active,,
E0453,Adrian Wong,IT,IT Administrator,2020-10-06,E0379,,Active,,
E0454,Kavitha Tan,IT,IT Administrator,2017-11-19,E0379,2021-04-26,Terminated,,
E0455,Nadia bin Rahman,IT,IT Administrator,2012-08-06,E0379,2026-06-03,Terminated,,
E0456,Firdaus binti Omar,IT,IT Administrator,2020-08-28,E0379,,Active,,
E0457,Nurul Kumar,IT,IT Administrator,2021-05-28,E0379,,Active,,
E0458,Syafiq bin Abdullah,IT,IT Administrator,2019-05-19,E0379,,Active,,
E0459,Deepa bin Hassan,IT,IT Administrator,2017-06-01,E0379,,Active,,
E0460,Adrian Lee,IT,ERP Basis Administrator,2019-01-08,E0379,,Active,IT Administrator,2025-07-17
E0461,Mei Yee Tan,IT,IT Administrator,2012-03-02,E0379,,Active,,
E0462,Nurul Chong,IT,IT Administrator,2019-12-31,E0379,2025-10-22,Terminated,,
E0463,Deepa Nair,IT,ERP Basis Administrator,2024-11-19,E0379,2026-01-17,Terminated,,
E0464,Rachel Kumar,IT,ERP Basis Administrator,2016-07-27,E0379,2024-07-12,Terminated,,
E0465,Amirul Lee,IT,ERP Basis Administrator,2022-09-08,E0379,,Active,,
E0466,Kavitha Lim,IT,ERP Basis Administrator,2018-02-15,E0379,,Active,,
E0467,Suresh Lee,IT,ERP Basis Administrator,2024-08-28,E0379,,Active,,
E0468,Adrian Ng,IT,ERP Basis Administrator,2013-06-03,E0379,,Active,,
E0469,Daniel Ng,IT,ERP Basis Administrator,2013-01-18,E0379,2025-09-19,Terminated,,
E0470,Kai Xin Fernandez,IT,IT Administrator,2013-08-11,E0379,,Active,ERP Basis Administrator,2026-04-14
E0471,Izzati Lee,IT,ERP Basis Administrator,2012-03-17,E0379,2025-08-16,Terminated,,
E0472,Deepa Kumar,IT,ERP Basis Administrator,2020-09-23,E0379,,Active,,
E0473,Ganesh bin Hassan,IT,ERP Basis Administrator,2021-12-04,E0379,,Active,,
E0474,Siew Mun bin Hassan,IT,ERP Basis Administrator,2012-01-19,E0379,2025-10-09,Terminated,,
E0475,Aisyah Chong,IT,ERP Basis Administrator,2025-12-07,E0379,,Active,,
E0476,Jun Hao Pillai,IT,ERP Basis Administrator,2024-11-11,E0379,,Active,,
E0477,Hafiz bin Rahman,Operations,Operations Staff,2025-10-16,E0906,,Active,,
E0478,Hafiz Raj,Operations,Operations Staff,2023-08-26,E0910,2024-06-26,Terminated,,
E0479,Kai Xin Kumar,Operations,Operations Staff,2012-04-21,E0925,,Active,,
E0480,Mei Yee Menon,Operations,Operations Staff,2020-11-07,E0903,,Active,,
E0481,Priya Lee,Operations,Operations Staff,2026-03-21,E0927,,Active,,
E0482,Li Wen Chong,Operations,Operations Staff,2025-04-11,E0919,,Active,,
E0483,Syafiq Chong,Operations,Operations Staff,2015-02-12,E0919,2026-04-23,Terminated,,
E0484,Michelle bin Rahman,Operations,Operations Staff,2017-03-19,E0902,,Active,,
E0485,Mei Yee Fernandez,Operations,Operations Staff,2023-07-08,E0903,,Active,,
E0486,Farah Kumar,Operations,Operations Staff,2019-11-05,E0912,,Active,,
E0487,Hafiz Wong,Operations,Operations Staff,2021-10-30,E0937,,Active,,
E0488,Aisyah Pillai,Operations,Operations Staff,2018-05-22,E0901,,Active,,
E0489,Farah bin Abdullah,Operations,Operations Staff,2016-09-02,E0930,,Active,,
E0490,Deepa Tan,Operations,Operations Staff,2014-03-10,E0923,2025-07-08,Terminated,,
E0491,Farah Pillai,Operations,Operations Staff,2012-10-26,E0933,2023-12-16,Terminated,,
E0492,Amirul Ng,Operations,Operations Staff,2020-04-15,E0900,,Active,,
E0493,Siew Mun bin Hassan,Operations,Operations Staff,2024-01-18,E0932,,Active,,
E0494,Priya bin Rahman,Operations,Operations Staff,2026-02-01,E0929,,Active,,
E0495,Li Wen bin Hassan,Operations,Operations Staff,2018-06-28,E0900,2025-10-02,Terminated,,
E0496,Ahmad Wong,Operations,Operations Staff,2024-08-26,E0899,,Active,,
E0497,Li Wen Wong,Operations,Operations Staff,2013-07-29,E0909,,Active,,
E0498,Aisyah Anak Jelani,Operations,Operations Staff,2020-07-18,E0934,2026-05-10,Terminated,,
E0499,Kavitha binti Omar,Operations,Operations Staff,2025-12-14,E0900,,Active,,
E0500,Zahra Kumar,Operations,Operations Staff,2022-01-16,E0919,,Active,,
E0501,Nadia Chong,Operations,Operations Staff,2016-02-07,E0903,,Active,,
E0502,Daniel Fernandez,Operations,Operations Staff,2022-01-17,E0901,,Active,,
E0503,Syafiq Kumar,Operations,Operations Staff,2020-11-27,E0934,2025-01-21,Terminated,,
E0504,Rachel Wong,Operations,Operations Staff,2020-11-28,E0933,,Active,,
E0505,Ganesh binti Omar,Operations,Operations Staff,2024-08-01,E0912,,Active,,
E0506,Wei Ling Lim,Operations,Operations Staff,2025-03-20,E0899,2026-04-27,Terminated,,
E0507,Ganesh binti Yusof,Operations,Operations Manager,2012-10-03,E0930,,Active,Operations Staff,2025-10-20
E0508,Adrian binti Ismail,Operations,Operations Staff,2015-12-03,E0929,,Active,,
E0509,Priya binti Omar,Operations,Operations Staff,2018-11-15,E0911,,Active,,
E0510,Farah binti Ismail,Operations,Operations Staff,2015-06-18,E0920,,Active,,
E0511,Priya Chong,Operations,Operations Staff,2021-06-23,E0898,2025-10-30,Terminated,,
E0512,Daniel Tan,Operations,Operations Staff,2025-12-05,E0903,,Active,,
E0513,Rachel Lee,Operations,Operations Staff,2014-03-02,E0918,,Active,,
E0514,Priya bin Rahman,Operations,Operations Staff,2026-03-13,E0907,,Active,,
E0515,Daniel Nair,Operations,Operations Staff,2019-05-17,E0912,2026-06-25,Terminated,,
E0516,Chee Keong binti Ismail,Operations,Operations Staff,2026-03-24,E0934,,Active,,
E0517,Kai Xin Chong,Operations,Operations Staff,2017-04-20,E0905,,Active,,
E0518,Hakim Menon,Operations,Operations Staff,2020-08-23,E0902,,Active,,
E0519,Rachel binti Ismail,Operations,Operations Staff,2024-09-25,E0908,,Active,,
E0520,Nurul binti Ismail,Operations,Operations Staff,2022-02-08,E0907,2026-04-20,Terminated,,
E0521,Chee Keong bin Rahman,Operations,Operations Staff,2019-12-27,E0917,,Active,,
E0522,Amirul bin Rahman,Operations,Operations Staff,2023-11-28,E0916,,Active,,
E0523,Hakim Fernandez,Operations,Operations Staff,2017-05-23,E0920,,Active,,
E0524,Michelle Chong,Operations,Operations Staff,2026-01-06,E0903,,Active,,
E0525,Ganesh Raj,Operations,Operations Staff,2026-01-18,E0908,,Active,,
E0526,Michelle Lee,Operations,Operations Staff,2021-09-17,E0914,,Active,,
E0527,Deepa Raj,Operations,Operations Staff,2019-05-21,E0916,,Active,,
E0528,Syafiq bin Rahman,Operations,Operations Staff,2022-05-14,E0930,,Active,,
E0529,Syafiq Menon,Operations,Operations Staff,2015-02-15,E0913,,Active,,
E0530,Syafiq Ng,Operations,Operations Staff,2023-06-14,E0919,,Active,,
E0531,Deepa Lee,Operations,Operations Staff,2019-01-15,E0907,2024-01-25,Terminated,,
E0532,Kavitha Anak Jelani,Operations,Operations Staff,2020-10-24,E0923,2024-03-15,Terminated,,
E0533,Hafiz Pillai,Operations,Operations Staff,2017-02-27,E0918,,Active,,
E0534,Michelle bin Hassan,Operations,Operations Staff,2015-03-07,E0925,,Active,,
E0535,Nadia bin Abdullah,Operations,Operations Staff,2014-08-04,E0897,,Active,,
E0536,Li Wen binti Yusof,Operations,Operations Staff,2016-10-05,E0910,,Active,,
E0537,Arun Tan,Operations,Operations Staff,2014-03-14,E0914,,Active,,
E0538,Mei Yee Chong,Operations,Operations Staff,2013-06-26,E0919,,Active,,
E0539,Nadia Tan,Operations,Operations Staff,2024-10-30,E0912,,Active,,
E0540,Adrian Lee,Operations,Operations Staff,2018-02-05,E0909,2023-12-30,Terminated,,
E0541,Kai Xin bin Abdullah,Operations,Operations Staff,2018-09-28,E0930,,Active,,
E0542,Farah Nair,Operations,Operations Staff,2019-08-13,E0898,,Active,,
E0543,Deepa binti Ismail,Operations,Operations Staff,2025-09-04,E0914,,Active,,
E0544,Aisyah Ng,Operations,Operations Manager,2013-08-25,E0901,,Active,Operations Staff,2025-07-30
E0545,Arun Lim,Operations,Operations Staff,2019-03-03,E0931,,Active,,
E0546,Ganesh Wong,Operations,Operations Staff,2012-02-13,E0933,,Active,,
E0547,Amirul Menon,Operations,Operations Staff,2025-05-21,E0933,,Active,,
E0548,Yee Han Pillai,Operations,Operations Staff,2013-03-25,E0909,,Active,,
E0549,Wei Ling Pillai,Operations,Operations Staff,2014-05-10,E0923,,Active,,
E0550,Arun binti Ismail,Operations,Operations Staff,2014-08-27,E0912,,Active,,
E0551,Hafiz Pillai,Operations,Operations Staff,2016-01-11,E0919,2024-01-27,Terminated,,
E0552,Hakim Menon,Operations,Operations Staff,2025-02-13,E0911,,Active,,
E0553,Izzati bin Rahman,Operations,Operations Staff,2016-12-25,E0919,,Active,,
E0554,Ahmad Menon,Operations,Operations Staff,2026-01-09,E0918,,Active,,
E0555,Izzati binti Ismail,Operations,Operations Staff,2025-02-10,E0934,2026-05-19,Terminated,,
E0556,Kai Xin bin Rahman,Operations,Operations Staff,2012-09-03,E0909,,Active,,
E0557,Suresh Wong,Operations,Operations Staff,2018-03-12,E0897,,Active,,
E0558,Kavitha Kumar,Operations,Operations Staff,2015-09-16,E0906,,Active,,
E0559,Zahra Menon,Operations,Operations Staff,2015-06-14,E0917,,Active,,
E0560,Zahra Tan,Operations,Operations Staff,2016-03-06,E0907,,Active,,
E0561,Li Wen bin Abdullah,Operations,Operations Manager,2016-07-18,E0914,,Active,Operations Staff,2026-05-02
E0562,Nurul Fernandez,Operations,Operations Staff,2021-12-04,E0929,2024-04-23,Terminated,,
E0563,Firdaus binti Yusof,Operations,Operations Staff,2026-02-14,E0916,,Active,,
E0564,Arun Pillai,Operations,Operations Staff,2020-12-13,E0913,,Active,,
E0565,Adrian Fernandez,Operations,Operations Staff,2018-10-28,E0917,,Active,,
E0566,Syafiq Menon,Operations,Operations Staff,2016-08-04,E0935,,Active,,
E0567,Priya Lee,Operations,Operations Staff,2018-10-25,E0905,,Active,,
E0568,Hakim Wong,Operations,Operations Staff,2017-01-03,E0897,,Active,,
E0569,Michelle Chong,Operations,Operations Staff,2025-05-13,E0914,,Active,,
E0570,Nurul Menon,Operations,Operations Staff,2012-01-05,E0907,2022-08-19,Terminated,,
E0571,Ahmad Nair,Operations,Operations Staff,2012-10-29,E0906,,Active,,
E0572,Nadia binti Omar,Operations,Operations Staff,2023-01-08,E0897,2023-12-01,Terminated,,
E0573,Deepa Lim,Operations,Operations Staff,2017-12-03,E0915,,Active,,
E0574,Aisyah binti Ismail,Operations,Operations Staff,2017-03-15,E0927,2026-03-15,Terminated,,
E0575,Arun Tan,Operations,Operations Staff,2025-08-28,E0904,2026-05-24,Terminated,,
E0576,Suresh Pillai,Operations,Operations Staff,2016-01-07,E0897,2021-09-26,Terminated,,
E0577,Jun Hao Pillai,Operations,Operations Manager,2017-05-06,E0933,,Active,Operations Staff,2025-07-06
E0578,Farah Lim,Operations,Operations Staff,2022-03-18,E0901,,Active,,
E0579,Chee Keong Anak Jelani,Operations,Operations Staff,2013-10-25,E0926,,Active,,
E0580,Ganesh bin Rahman,Operations,Operations Staff,2016-11-14,E0912,,Active,,
E0581,Farah Fernandez,Operations,Operations Staff,2022-02-19,E0915,,Active,,
E0582,Li Wen Lim,Operations,Operations Staff,2018-10-25,E0898,,Active,,
E0583,Hakim binti Omar,Operations,Operations Staff,2023-02-16,E0907,,Active,,
E0584,Izzati Ng,Operations,Operations Staff,2014-09-04,E0902,2020-09-30,Terminated,,
E0585,Yee Han binti Omar,Operations,Operations Staff,2024-11-06,E0902,,Active,,
E0586,Suresh Kumar,Operations,Operations Staff,2015-03-09,E0898,2025-11-21,Terminated,,
E0587,Priya Tan,Operations,Operations Staff,2012-10-24,E0906,,Active,,
E0588,Amirul Anak Jelani,Operations,Operations Staff,2013-09-03,E0932,,Active,,
E0589,Izzati bin Hassan,Operations,Operations Staff,2016-04-03,E0933,2024-04-23,Terminated,,
E0590,Daniel bin Abdullah,Operations,Operations Staff,2014-12-31,E0926,,Active,,
E0591,Rachel bin Rahman,Operations,Operations Staff,2012-12-06,E0908,,Active,,
E0592,Nurul Ng,Operations,Operations Staff,2023-04-04,E0932,2024-01-23,Terminated,,
E0593,Wei Ling binti Omar,Operations,Operations Staff,2014-10-19,E0938,2025-12-01,Terminated,,
E0594,Yee Han bin Rahman,Operations,Operations Staff,2017-06-21,E0908,,Active,,
E0595,Priya Wong,Operations,Operations Staff,2021-10-10,E0935,,Active,,
E0596,Hakim bin Rahman,Operations,Operations Staff,2017-05-26,E0908,,Active,,
E0597,Siew Mun Anak Jelani,Operations,Operations Staff,2022-08-28,E0910,,Active,,
E0598,Siew Mun Kumar,Operations,Operations Staff,2012-08-10,E0914,2024-11-03,Terminated,,
E0599,Ganesh binti Yusof,Operations,Operations Staff,2021-05-05,E0909,,Active,,
E0600,Rachel Wong,Operations,Operations Staff,2020-06-04,E0910,2021-07-18,Terminated,,
E0601,Jun Hao Wong,Operations,Operations Staff,2015-10-24,E0924,2024-07-26,Terminated,,
E0602,Izzati Wong,Operations,Operations Staff,2014-03-26,E0919,,Active,,
E0603,Kavitha Pillai,Operations,Operations Staff,2023-03-29,E0904,,Active,,
E0604,Kavitha Chong,Operations,Operations Staff,2013-11-08,E0913,2020-05-21,Terminated,,
E0605,Jun Hao Wong,Operations,Operations Staff,2019-11-20,E0927,,Active,,
E0606,Syafiq Raj,Operations,Operations Staff,2021-10-03,E0938,2024-08-19,Terminated,,
E0607,Aisyah Pillai,Operations,Operations Staff,2021-10-10,E0912,2024-05-13,Terminated,,
E0608,Firdaus Lim,Operations,Operations Staff,2017-07-25,E0929,,Active,,
E0609,Firdaus Tan,Operations,Operations Staff,2013-10-30,E0913,,Active,,
E0610,Syafiq Raj,Operations,Operations Staff,2025-10-01,E0907,,Active,,
E0611,Mei Yee Kumar,Operations,Operations Staff,2023-03-30,E0908,,Active,,
E0612,Aisyah bin Hassan,Operations,Operations Manager,2013-12-11,E0922,,Active,Operations Staff,2026-04-09
E0613,Izzati Lim,Operations,Operations Staff,2022-03-14,E0929,,Active,,
E0614,Adrian Wong,Operations,Operations Staff,2014-01-23,E0932,,Active,,
E0615,Nurul bin Hassan,Operations,Operations Staff,2023-08-07,E0937,2026-03-31,Terminated,,
E0616,Izzati Chong,Operations,Operations Staff,2018-03-22,E0926,,Active,,
E0617,Amirul Tan,Operations,Operations Staff,2012-10-21,E0933,2026-02-12,Terminated,,
E0618,Hafiz Wong,Operations,Operations Staff,2017-12-22,E0906,,Active,,
E0619,Li Wen Menon,Operations,Operations Staff,2017-10-17,E0910,,Active,,
E0620,Priya Tan,Operations,Operations Staff,2016-09-15,E0921,,Active,,
E0621,Suresh Nair,Operations,Operations Staff,2014-01-07,E0922,,Active,,
E0622,Ahmad Lee,Operations,Operations Staff,2013-06-20,E0906,2021-10-23,Terminated,,
E0623,Ahmad Pillai,Operations,Operations Staff,2018-08-17,E0909,,Active,,
E0624,Amirul Wong,Operations,Operations Staff,2015-10-28,E0913,,Active,,
E0625,Deepa bin Hassan,Operations,Operations Staff,2023-06-16,E0926,,Active,,
E0626,Syafiq Ng,Operations,Operations Staff,2012-01-31,E0910,,Active,,
E0627,Ganesh Raj,Operations,Operations Staff,2025-01-19,E0918,,Active,,
E0628,Mei Yee binti Omar,Operations,Operations Staff,2012-12-12,E0912,,Active,,
E0629,Suresh binti Omar,Operations,Operations Staff,2020-08-26,E0935,,Active,,
E0630,Kavitha Wong,Operations,Operations Staff,2020-12-26,E0908,2023-01-30,Terminated,,
E0631,Siew Mun Ng,Operations,Operations Staff,2025-05-21,E0917,,Active,,
E0632,Michelle Wong,Operations,Operations Staff,2018-09-09,E0911,2026-06-07,Terminated,,
E0633,Syafiq Ng,Operations,Operations Staff,2014-01-05,E0901,,Active,,
E0634,Rachel Anak Jelani,Operations,Operations Staff,2022-12-27,E0924,2023-09-10,Terminated,,
E0635,Adrian Menon,Operations,Operations Staff,2012-10-19,E0928,,Active,,
E0636,Izzati binti Yusof,Operations,Operations Staff,2021-04-30,E0899,2021-08-17,Terminated,,
E0637,Wei Ling binti Yusof,Operations,Operations Staff,2021-01-08,E0933,,Active,,
E0638,Michelle binti Ismail,Operations,Operations Staff,2012-07-14,E0916,,Active,,
E0639,Jun Hao Fernandez,Operations,Operations Staff,2022-04-19,E0921,,Active,,
E0640,Rachel Lim,Operations,Operations Staff,2019-08-26,E0938,,Active,,
E0641,Firdaus bin Abdullah,Operations,Operations Staff,2019-07-13,E0912,,Active,,
E0642,Li Wen Menon,Operations,Operations Staff,2019-09-17,E0901,,Active,,
E0643,Suresh Ng,Operations,Operations Manager,2013-08-23,E0921,,Active,Operations Staff,2025-09-18
E0644,Syafiq binti Omar,Operations,Operations Staff,2012-12-02,E0911,,Active,,
E0645,Deepa Ng,Operations,Operations Staff,2014-01-23,E0937,2025-01-13,Terminated,,
E0646,Hafiz Lee,Operations,Operations Staff,2013-09-16,E0923,,Active,,
E0647,Nadia Menon,Operations,Operations Staff,2019-02-04,E0934,,Active,,
E0648,Aisyah binti Omar,Operations,Operations Staff,2023-10-04,E0909,,Active,,
E0649,Ahmad bin Rahman,Operations,Operations Staff,2021-05-21,E0901,,Active,,
E0650,Syafiq Ng,Operations,Operations Staff,2016-03-07,E0925,,Active,,
E0651,Nurul binti Yusof,Operations,Operations Staff,2020-07-21,E0917,2026-03-16,Terminated,,
E0652,Deepa bin Abdullah,Operations,Operations Staff,2018-03-29,E0904,2024-08-15,Terminated,,
E0653,Deepa binti Omar,Operations,Operations Staff,2013-05-01,E0936,,Active,,
E0654,Deepa Fernandez,Operations,Operations Staff,2013-04-15,E0930,,Active,,
E0655,Amirul Raj,Operations,Operations Staff,2023-11-13,E0909,2025-05-27,Terminated,,
E0656,Rachel Pillai,Operations,Operations Staff,2017-04-08,E0920,2025-09-17,Terminated,,
E0657,Kavitha Wong,Operations,Operations Staff,2015-04-21,E0905,,Active,,
E0658,Amirul Menon,Operations,Operations Staff,2013-06-24,E0926,2020-04-29,Terminated,,
E0659,Ganesh binti Omar,Operations,Operations Staff,2015-04-13,E0928,,Active,,
E0660,Syafiq binti Yusof,Operations,Operations Staff,2013-01-16,E0930,,Active,,
E0661,Ahmad Wong,Operations,Operations Staff,2023-08-22,E0916,,Active,,
E0662,Nurul Nair,Operations,Operations Staff,2022-06-22,E0908,2025-02-26,Terminated,,
E0663,Nurul bin Hassan,Operations,Operations Staff,2016-05-14,E0922,,Active,,
E0664,Nurul Wong,Operations,Operations Staff,2023-10-10,E0932,,Active,,
E0665,Firdaus Kumar,Operations,Operations Staff,2016-11-25,E0922,,Active,,
E0666,Firdaus bin Hassan,Operations,Operations Staff,2019-05-14,E0908,2020-11-24,Terminated,,
E0667,Michelle Lim,Operations,Operations Staff,2020-01-20,E0926,2023-11-30,Terminated,,
E0668,Ganesh bin Abdullah,Operations,Operations Staff,2017-10-10,E0913,,Active,,
E0669,Zahra Wong,Operations,Operations Staff,2016-07-29,E0900,,Active,,
E0670,Siew Mun Fernandez,Operations,Operations Staff,2021-04-03,E0913,,Active,,
E0671,Deepa binti Yusof,Operations,Operations Staff,2014-03-29,E0910,,Active,,
E0672,Adrian Anak Jelani,Operations,Operations Staff,2017-03-05,E0918,,Active,,
E0673,Nurul bin Rahman,Operations,Operations Staff,2025-06-15,E0909,,Active,,
E0674,Mei Yee bin Rahman,Operations,Operations Staff,2013-03-17,E0928,,Active,,
E0675,Nurul Menon,Operations,Operations Staff,2025-06-19,E0938,2025-09-28,Terminated,,
E0676,Daniel Chong,Operations,Operations Staff,2013-11-01,E0916,2022-05-18,Terminated,,
E0677,Syafiq Kumar,Operations,Operations Staff,2025-03-15,E0914,,Active,,
E0678,Priya Kumar,Operations,Operations Staff,2017-04-14,E0918,,Active,,
E0679,Ahmad bin Hassan,Operations,Operations Staff,2021-09-12,E0914,,Active,,
E0680,Kai Xin Wong,Operations,Operations Staff,2024-09-13,E0919,,Active,,
E0681,Michelle Nair,Operations,Operations Staff,2012-04-13,E0911,,Active,,
E0682,Chee Keong Fernandez,Operations,Operations Staff,2012-02-05,E0899,,Active,,
E0683,Arun binti Omar,Operations,Operations Staff,2015-01-25,E0910,,Active,,
E0684,Siew Mun bin Hassan,Operations,Operations Staff,2012-11-03,E0930,,Active,,
E0685,Izzati bin Rahman,Operations,Operations Staff,2012-11-20,E0907,,Active,,
E0686,Chee Keong Nair,Operations,Operations Staff,2021-12-13,E0909,,Active,,
E0687,Arun Wong,Operations,Operations Staff,2012-01-18,E0900,,Active,,
E0688,Ahmad Wong,Operations,Operations Staff,2019-08-11,E0916,,Active,,
E0689,Ahmad Nair,Operations,Operations Staff,2022-05-31,E0904,2025-11-30,Terminated,,
E0690,Siew Mun Nair,Operations,Operations Staff,2026-01-08,E0918,2026-01-31,Terminated,,
E0691,Michelle bin Rahman,Operations,Operations Staff,2022-03-08,E0930,,Active,,
E0692,Kai Xin Ng,Operations,Operations Staff,2020-09-10,E0930,,Active,,
E0693,Adrian Anak Jelani,Operations,Operations Staff,2018-07-09,E0938,,Active,,
E0694,Hakim Ng,Operations,Operations Staff,2013-06-16,E0932,,Active,,
E0695,Nurul Kumar,Operations,Operations Staff,2013-06-03,E0912,2022-05-26,Terminated,,
E0696,Priya Anak Jelani,Operations,Operations Staff,2015-11-21,E0925,2026-03-18,Terminated,,
E0697,Li Wen bin Rahman,Operations,Operations Staff,2014-04-06,E0934,,Active,,
E0698,Chee Keong Wong,Operations,Operations Staff,2025-12-16,E0910,,Active,,
E0699,Hakim Lim,Operations,Operations Staff,2020-04-27,E0931,,Active,,
E0700,Deepa binti Yusof,Operations,Operations Staff,2022-02-10,E0902,,Active,,
E0701,Nadia Menon,Operations,Operations Staff,2017-02-12,E0932,2024-01-22,Terminated,,
E0702,Aisyah Tan,Operations,Operations Staff,2020-09-09,E0897,,Active,,
E0703,Jun Hao Pillai,Operations,Operations Staff,2018-01-10,E0900,2026-05-15,Terminated,,
E0704,Jun Hao binti Yusof,Operations,Operations Staff,2014-05-01,E0924,,Active,,
E0705,Jun Hao Tan,Operations,Operations Staff,2013-04-17,E0936,,Active,,
E0706,Nadia Kumar,Operations,Operations Staff,2024-01-27,E0918,,Active,,
E0707,Firdaus Tan,Operations,Operations Staff,2022-12-03,E0911,2023-05-02,Terminated,,
E0708,Adrian bin Hassan,Operations,Operations Staff,2023-03-13,E0907,,Active,,
E0709,Amirul Kumar,Operations,Operations Staff,2012-08-21,E0899,2025-03-17,Terminated,,
E0710,Suresh bin Hassan,Operations,Operations Staff,2019-11-28,E0900,2025-04-07,Terminated,,
E0711,Li Wen Kumar,Operations,Operations Staff,2015-08-20,E0916,,Active,,
E0712,Li Wen Pillai,Operations,Operations Staff,2015-02-24,E0925,,Active,,
E0713,Ganesh Wong,Operations,Operations Staff,2024-10-01,E0901,,Active,,
E0714,Zahra Lee,Operations,Operations Staff,2019-01-22,E0916,2021-01-08,Terminated,,
E0715,Aisyah Kumar,Operations,Operations Staff,2012-12-04,E0922,,Active,,
E0716,Michelle binti Omar,Operations,Operations Staff,2015-03-24,E0937,,Active,,
E0717,Suresh bin Hassan,Operations,Operations Staff,2024-11-16,E0917,,Active,,
E0718,Ganesh Chong,Operations,Operations Staff,2025-05-26,E0913,,Active,,
E0719,Kai Xin Raj,Operations,Operations Staff,2023-03-02,E0914,,Active,,
E0720,Arun bin Abdullah,Operations,Operations Staff,2020-05-26,E0920,,Active,,
E0721,Kai Xin Anak Jelani,Operations,Operations Staff,2017-08-10,E0914,,Active,,
E0722,Hakim Menon,Operations,Operations Staff,2015-04-27,E0936,,Active,,
E0723,Zahra Fernandez,Operations,Operations Staff,2023-12-15,E0919,,Active,,
E0724,Deepa Lee,Operations,Operations Staff,2025-12-09,E0925,,Active,,
E0725,Li Wen binti Yusof,Operations,Operations Staff,2026-01-04,E0917,,Active,,
E0726,Siew Mun Wong,Operations,Operations Staff,2025-05-06,E0906,,Active,,
E0727,Farah Wong,Operations,Operations Staff,2018-10-05,E0906,,Active,,
E0728,Nurul binti Omar,Operations,Operations Staff,2020-09-03,E0900,,Active,,
E0729,Hakim Fernandez,Operations,Operations Staff,2018-02-15,E0906,,Active,,
E0730,Yee Han Lee,Operations,Operations Staff,2014-09-08,E0900,,Active,,
E0731,Arun Raj,Operations,Operations Staff,2016-09-28,E0934,2023-10-05,Terminated,,
E0732,Hafiz bin Rahman,Operations,Operations Staff,2022-06-22,E0923,,Active,,
E0733,Amirul Kumar,Operations,Operations Staff,2022-04-30,E0919,2025-11-25,Terminated,,
E0734,Li Wen Anak Jelani,Operations,Operations Staff,2018-05-05,E0921,,Active,,
E0735,Arun Wong,Operations,Operations Staff,2026-05-24,E0915,,Active,,
E0736,Aisyah binti Omar,Operations,Operations Staff,2018-04-07,E0902,,Active,,
E0737,Kai Xin Menon,Operations,Operations Staff,2020-09-07,E0915,,Active,,
E0738,Michelle binti Yusof,Operations,Operations Staff,2020-02-15,E0903,,Active,,
E0739,Amirul bin Abdullah,Operations,Operations Staff,2019-06-02,E0930,,Active,,
E0740,Deepa Raj,Operations,Operations Staff,2024-01-23,E0922,2024-03-08,Terminated,,
E0741,Ganesh Chong,Operations,Operations Staff,2012-05-12,E0918,2026-05-28,Terminated,,
E0742,Syafiq Kumar,Operations,Operations Staff,2018-01-23,E0938,,Active,,
E0743,Syafiq binti Yusof,Operations,Operations Staff,2024-03-16,E0928,2024-08-24,Terminated,,
E0744,Li Wen binti Ismail,Operations,Operations Staff,2022-04-26,E0924,,Active,,
E0745,Chee Keong bin Rahman,Operations,Operations Staff,2014-09-28,E0938,2026-01-20,Terminated,,
E0746,Amirul Wong,Operations,Operations Staff,2017-08-25,E0930,,Active,,
E0747,Firdaus Tan,Operations,Operations Staff,2018-01-26,E0910,2024-11-07,Terminated,,
E0748,Syafiq Tan,Operations,Operations Staff,2018-12-08,E0926,,Active,,
E0749,Nadia bin Rahman,Operations,Operations Staff,2025-02-01,E0918,,Active,,
E0750,Aisyah Raj,Operations,Operations Staff,2021-03-11,E0910,,Active,,
E0751,Daniel Pillai,Operations,Operations Staff,2021-01-03,E0912,,Active,,
E0752,Syafiq Menon,Operations,Operations Staff,2015-01-10,E0912,2024-05-28,Terminated,,
E0753,Farah Lim,Operations,Operations Staff,2024-09-04,E0932,2025-10-14,Terminated,,
E0754,Daniel Anak Jelani,Operations,Operations Staff,2026-05-16,E0924,2026-06-08,Terminated,,
E0755,Ganesh bin Rahman,Operations,Operations Staff,2022-09-06,E0901,,Active,,
E0756,Kai Xin Lee,Operations,Operations Staff,2025-03-26,E0932,,Active,,
E0757,Hakim Lim,Operations,Operations Staff,2017-12-10,E0898,,Active,,
E0758,Ganesh Kumar,Operations,Operations Staff,2019-01-29,E0930,2023-03-28,Terminated,,
E0759,Nadia Lee,Operations,Operations Staff,2021-11-03,E0904,,Active,,
E0760,Daniel binti Omar,Operations,Operations Staff,2014-09-15,E0899,,Active,,
E0761,Nadia Kumar,Operations,Operations Staff,2024-11-16,E0907,,Active,,
E0762,Amirul Wong,Operations,Operations Staff,2018-06-01,E0912,,Active,,
E0763,Ganesh Lim,Operations,Operations Staff,2026-01-15,E0914,,Active,,
E0764,Izzati Pillai,Operations,Operations Staff,2013-12-16,E0934,,Active,,
E0765,Siew Mun Wong,Operations,Operations Staff,2021-03-27,E0912,,Active,,
E0766,Izzati Chong,Operations,Operations Staff,2025-02-17,E0900,,Active,,
E0767,Deepa Chong,Operations,Operations Staff,2013-03-20,E0920,,Active,,
E0768,Siew Mun binti Omar,Operations,Operations Staff,2014-11-30,E0912,,Active,,
E0769,Deepa binti Omar,Operations,Operations Staff,2022-07-04,E0928,,Active,,
E0770,Ahmad Lim,Operations,Operations Staff,2020-10-09,E0912,,Active,,
E0771,Rachel bin Abdullah,Operations,Operations Staff,2019-03-06,E0933,,Active,,
E0772,Hakim Raj,Operations,Operations Staff,2013-03-16,E0910,,Active,,
E0773,Ganesh binti Omar,Operations,Operations Staff,2017-02-07,E0936,,Active,,
E0774,Deepa Pillai,Operations,Operations Staff,2019-03-10,E0921,2022-08-22,Terminated,,
E0775,Nadia bin Hassan,Operations,Operations Staff,2012-04-07,E0907,,Active,,
E0776,Mei Yee Menon,Operations,Operations Staff,2014-03-04,E0926,,Active,,
E0777,Amirul binti Ismail,Operations,Operations Staff,2016-04-03,E0907,,Active,,
E0778,Rachel Fernandez,Operations,Operations Staff,2013-01-13,E0906,,Active,,
E0779,Priya Chong,Operations,Operations Staff,2025-11-06,E0916,,Active,,
E0780,Kai Xin Ng,Operations,Operations Staff,2019-02-15,E0929,2020-07-15,Terminated,,
E0781,Siew Mun Wong,Operations,Operations Staff,2012-01-05,E0936,,Active,,
E0782,Syafiq Ng,Operations,Operations Staff,2017-09-29,E0926,2020-05-25,Terminated,,
E0783,Arun binti Yusof,Operations,Operations Staff,2022-01-12,E0918,,Active,,
E0784,Jun Hao Wong,Operations,Operations Staff,2023-06-16,E0916,,Active,,
E0785,Kavitha binti Ismail,Operations,Operations Staff,2024-03-01,E0924,,Active,,
E0786,Syafiq Wong,Operations,Operations Staff,2013-01-24,E0901,,Active,,
E0787,Rachel bin Abdullah,Operations,Operations Staff,2019-12-09,E0915,,Active,,
E0788,Michelle Raj,Operations,Operations Staff,2024-10-28,E0925,,Active,,
E0789,Daniel Pillai,Operations,Operations Staff,2025-09-25,E0897,,Active,,
E0790,Michelle Raj,Operations,Operations Staff,2015-01-30,E0897,2021-03-02,Terminated,,
E0791,Firdaus bin Hassan,Operations,Operations Staff,2013-12-16,E0910,,Active,,
E0792,Ahmad Chong,Operations,Operations Staff,2023-05-29,E0916,,Active,,
E0793,Li Wen Anak Jelani,Operations,Operations Staff,2014-03-05,E0899,,Active,,
E0794,Izzati bin Hassan,Operations,Operations Staff,2018-04-13,E0924,,Active,,
E0795,Kai Xin bin Rahman,Operations,Operations Staff,2020-01-19,E0918,2024-09-15,Terminated,,
E0796,Wei Ling Wong,Operations,Operations Staff,2025-11-19,E0937,,Active,,
E0797,Rachel Ng,Operations,Operations Staff,2024-05-22,E0909,,Active,,
E0798,Syafiq Anak Jelani,Operations,Operations Staff,2023-07-06,E0932,2026-02-20,Terminated,,
E0799,Firdaus Ng,Operations,Operations Staff,2012-06-24,E0914,,Active,,
E0800,Firdaus Lim,Operations,Operations Staff,2021-04-19,E0910,,Active,,
E0801,Adrian Lee,Operations,Operations Staff,2025-05-24,E0903,,Active,,
E0802,Li Wen Wong,Operations,Operations Staff,2013-03-09,E0923,2026-03-08,Terminated,,
E0803,Yee Han bin Abdullah,Operations,Operations Staff,2022-12-04,E0930,,Active,,
E0804,Priya Menon,Operations,Operations Staff,2020-06-14,E0923,2023-02-20,Terminated,,
E0805,Firdaus Nair,Operations,Operations Staff,2022-07-13,E0900,2025-08-29,Terminated,,
E0806,Arun Anak Jelani,Operations,Operations Staff,2021-04-22,E0926,2024-11-18,Terminated,,
E0807,Jun Hao Ng,Operations,Operations Staff,2014-05-13,E0907,,Active,,
E0808,Aisyah binti Yusof,Operations,Operations Staff,2025-06-11,E0898,,Active,,
E0809,Deepa binti Ismail,Operations,Operations Staff,2021-06-15,E0920,,Active,,
E0810,Firdaus Wong,Operations,Operations Staff,2026-04-06,E0937,,Active,,
E0811,Hafiz Wong,Operations,Operations Staff,2012-09-21,E0926,,Active,,
E0812,Yee Han Ng,Operations,Operations Staff,2019-09-18,E0908,,Active,,
E0813,Firdaus Raj,Operations,Operations Staff,2014-09-25,E0901,,Active,,
E0814,Syafiq Pillai,Operations,Operations Staff,2017-12-19,E0920,2025-10-31,Terminated,,
E0815,Chee Keong Kumar,Operations,Operations Staff,2020-02-02,E0925,2024-10-14,Terminated,,
E0816,Priya binti Ismail,Operations,Operations Staff,2023-12-25,E0917,,Active,,
E0817,Yee Han Pillai,Operations,Operations Staff,2012-06-21,E0908,,Active,,
E0818,Hakim Wong,Operations,Operations Staff,2025-06-21,E0931,,Active,,
E0819,Izzati Wong,Operations,Operations Staff,2019-08-14,E0929,,Active,,
E0820,Arun binti Omar,Operations,Operations Staff,2013-11-07,E0926,,Active,,
E0821,Siew Mun Pillai,Operations,Operations Staff,2025-08-11,E0920,,Active,,
E0822,Deepa Fernandez,Operations,Operations Staff,2020-02-23,E0934,2024-12-14,Terminated,,
E0823,Li Wen Lee,Operations,Operations Staff,2018-03-01,E0926,2021-11-06,Terminated,,
E0824,Mei Yee Menon,Operations,Operations Staff,2015-07-21,E0930,,Active,,
E0825,Mei Yee Menon,Operations,Operations Staff,2016-04-19,E0905,,Active,,
E0826,Ganesh Pillai,Operations,Operations Staff,2023-11-01,E0934,,Active,,
E0827,Hakim Kumar,Operations,Operations Staff,2025-02-12,E0915,,Active,,
E0828,Mei Yee binti Yusof,Operations,Operations Staff,2022-06-30,E0921,,Active,,
E0829,Farah binti Ismail,Operations,Operations Staff,2014-08-06,E0924,,Active,,
E0830,Daniel Menon,Operations,Operations Staff,2024-03-20,E0917,,Active,,
E0831,Nadia Nair,Operations,Operations Staff,2018-02-26,E0907,,Active,,
E0832,Zahra binti Ismail,Operations,Operations Staff,2024-02-10,E0904,,Active,,
E0833,Li Wen Nair,Operations,Operations Staff,2025-10-08,E0925,2026-02-17,Terminated,,
E0834,Hakim Tan,Operations,Operations Staff,2020-07-13,E0933,,Active,,
E0835,Aisyah bin Rahman,Operations,Operations Staff,2018-09-26,E0934,2020-05-04,Terminated,,
E0836,Ahmad Raj,Operations,Operations Staff,2025-09-15,E0899,,Active,,
E0837,Izzati Nair,Operations,Operations Staff,2012-04-01,E0936,,Active,,
E0838,Amirul Kumar,Operations,Operations Staff,2022-08-30,E0921,,Active,,
E0839,Wei Ling Wong,Operations,Operations Staff,2021-07-26,E0933,2025-08-01,Terminated,,
E0840,Zahra Lim,Operations,Operations Staff,2025-05-12,E0907,,Active,,
E0841,Ahmad Pillai,Operations,Operations Staff,2021-09-10,E0919,,Active,,
E0842,Kai Xin bin Hassan,Operations,Operations Staff,2018-08-04,E0909,2025-08-01,Terminated,,
E0843,Izzati Chong,Operations,Operations Staff,2026-03-26,E0897,,Active,,
E0844,Kai Xin Lim,Operations,Operations Staff,2020-01-30,E0914,,Active,,
E0845,Li Wen Wong,Operations,Operations Staff,2012-05-21,E0916,,Active,,
E0846,Daniel binti Omar,Operations,Operations Staff,2024-03-12,E0938,,Active,,
E0847,Farah Chong,Operations,Operations Staff,2017-07-19,E0904,2023-08-14,Terminated,,
E0848,Adrian Wong,Operations,Operations Staff,2020-02-20,E0910,,Active,,
E0849,Arun Nair,Operations,Operations Staff,2016-12-15,E0932,,Active,,
E0850,Siew Mun binti Yusof,Operations,Operations Staff,2025-07-01,E0918,,Active,,
E0851,Adrian Wong,Operations,Operations Staff,2021-09-02,E0932,,Active,,
E0852,Amirul Ng,Operations,Operations Staff,2014-06-29,E0914,,Active,,
E0853,Izzati Nair,Operations,Operations Staff,2012-12-05,E0930,,Active,,
E0854,Mei Yee Ng,Operations,Operations Staff,2019-08-03,E0919,,Active,,
E0855,Hakim Wong,Operations,Operations Staff,2015-04-09,E0925,,Active,,
E0856,Kavitha Raj,Operations,Operations Staff,2020-05-18,E0916,,Active,,
E0857,Nadia Wong,Operations,Operations Staff,2019-06-25,E0937,2025-11-09,Terminated,,
E0858,Daniel Raj,Operations,Operations Staff,2026-03-26,E0917,,Active,,
E0859,Ahmad binti Yusof,Operations,Operations Staff,2016-02-28,E0919,,Active,,
E0860,Kavitha Nair,Operations,Operations Staff,2023-05-20,E0904,,Active,,
E0861,Hafiz bin Abdullah,Operations,Operations Staff,2015-02-28,E0908,,Active,,
E0862,Daniel Lee,Operations,Operations Staff,2024-12-26,E0924,,Active,,
E0863,Jun Hao Menon,Operations,Operations Staff,2022-01-12,E0929,,Active,,
E0864,Ganesh bin Hassan,Operations,Operations Staff,2024-06-02,E0912,2025-11-22,Terminated,,
E0865,Firdaus Menon,Operations,Operations Staff,2014-06-18,E0909,2022-11-16,Terminated,,
E0866,Amirul Chong,Operations,Operations Staff,2025-09-24,E0921,,Active,,
E0867,Chee Keong Menon,Operations,Operations Staff,2012-09-10,E0934,2025-12-27,Terminated,,
E0868,Kai Xin Pillai,Operations,Operations Staff,2023-07-28,E0906,,Active,,
E0869,Syafiq Chong,Operations,Operations Staff,2023-09-29,E0916,2024-05-19,Terminated,,
E0870,Daniel Menon,Operations,Operations Staff,2013-09-10,E0936,,Active,,
E0871,Nadia Nair,Operations,Operations Staff,2012-06-18,E0899,,Active,,
E0872,Kavitha Pillai,Operations,Operations Staff,2024-01-19,E0937,,Active,,
E0873,Kai Xin Menon,Operations,Operations Staff,2016-02-18,E0914,2026-01-25,Terminated,,
E0874,Arun binti Omar,Operations,Operations Staff,2016-01-25,E0908,,Active,,
E0875,Deepa bin Rahman,Operations,Operations Staff,2022-04-04,E0911,2022-10-26,Terminated,,
E0876,Kai Xin Tan,Operations,Operations Staff,2012-11-25,E0911,,Active,,
E0877,Ahmad Wong,Operations,Operations Staff,2021-07-18,E0909,,Active,,
E0878,Yee Han Lim,Operations,Operations Manager,2022-04-12,E0923,,Active,Operations Staff,2025-10-28
E0879,Li Wen Lim,Operations,Operations Staff,2019-01-25,E0899,2026-01-06,Terminated,,
E0880,Firdaus Kumar,Operations,Operations Staff,2012-07-15,E0914,,Active,,
E0881,Nurul Wong,Operations,Operations Staff,2025-08-24,E0910,,Active,,
E0882,Chee Keong Lee,Operations,Operations Staff,2021-10-02,E0935,,Active,,
E0883,Ganesh Lee,Operations,Operations Staff,2022-06-25,E0898,,Active,,
E0884,Mei Yee Ng,Operations,Operations Staff,2012-11-10,E0901,,Active,,
E0885,Daniel binti Yusof,Operations,Operations Staff,2022-12-29,E0914,,Active,,
E0886,Ahmad binti Yusof,Operations,Operations Staff,2025-11-19,E0914,,Active,,
E0887,Zahra binti Omar,Operations,Operations Staff,2014-10-04,E0926,,Active,,
E0888,Amirul Wong,Operations,Operations Staff,2022-11-07,E0905,,Active,,
E0889,Firdaus Kumar,Operations,Operations Staff,2019-04-14,E0930,2020-08-15,Terminated,,
E0890,Wei Ling bin Abdullah,Operations,Operations Staff,2023-06-19,E0901,,Active,,
E0891,Syafiq Chong,Operations,Operations Staff,2015-11-15,E0912,,Active,,
E0892,Amirul Raj,Operations,Operations Staff,2024-12-16,E0899,,Active,,
E0893,Syafiq Nair,Operations,Operations Staff,2017-05-06,E0903,2023-04-09,Terminated,,
E0894,Yee Han Fernandez,Operations,Operations Staff,2021-08-18,E0908,,Active,,
E0895,Nadia bin Abdullah,Operations,Operations Staff,2025-11-10,E0900,,Active,,
E0896,Nadia binti Omar,Operations,Operations Staff,2021-11-02,E0928,2025-06-01,Terminated,,
E0897,Kavitha Lim,Operations,Operations Manager,2012-12-06,E0935,,Active,,
E0898,Firdaus Anak Jelani,Operations,Operations Manager,2014-03-31,E0903,,Active,,
E0899,Li Wen Wong,Operations,Operations Manager,2017-04-13,E0903,,Active,,
E0900,Adrian Menon,Operations,Operations Manager,2023-01-24,E0935,2026-05-31,Terminated,,
E0901,Nadia bin Abdullah,Operations,Operations Manager,2016-08-12,E0934,,Active,,
E0902,Zahra Lee,Operations,Operations Manager,2022-01-18,E0001,2026-04-17,Terminated,,
E0903,Wei Ling Nair,Operations,Operations Manager,2025-01-08,E0931,,Active,,
E0904,Izzati bin Rahman,Operations,Operations Staff,2015-05-06,E0915,,Active,Operations Manager,2026-03-13
E0905,Nadia Lim,Operations,Operations Manager,2023-01-14,E0897,2024-04-15,Terminated,,
E0906,Yee Han Lim,Operations,Operations Manager,2026-03-13,E0937,,Active,,
E0907,Firdaus Ng,Operations,Operations Manager,2016-06-09,E0938,,Active,,
E0908,Yee Han Nair,Operations,Operations Manager,2014-06-02,E0914,,Active,,
E0909,Firdaus Wong,Operations,Operations Manager,2019-10-03,E0922,,Active,,
E0910,Rachel Wong,Operations,Operations Manager,2016-12-27,E0917,,Active,,
E0911,Michelle Pillai,Operations,Operations Manager,2021-01-10,E0922,,Active,,
E0912,Farah bin Abdullah,Operations,Operations Manager,2013-05-05,E0900,,Active,,
E0913,Hakim Tan,Operations,Operations Staff,2018-05-19,E0927,,Active,Operations Manager,2026-02-11
E0914,Amirul Pillai,Operations,Operations Manager,2018-07-29,E0001,,Active,,
E0915,Nadia Raj,Operations,Operations Manager,2016-10-10,E0911,,Active,,
E0916,Wei Ling Menon,Operations,Operations Manager,2013-11-23,E0001,,Active,,
E0917,Suresh Kumar,Operations,Operations Manager,2020-07-09,E0903,,Active,,
E0918,Hakim binti Ismail,Operations,Operations Manager,2019-05-27,E0926,,Active,,
E0919,Michelle Ng,Operations,Operations Manager,2015-02-17,E0898,,Active,,
E0920,Jun Hao binti Ismail,Operations,Operations Manager,2023-02-24,E0914,,Active,,
E0921,Syafiq binti Yusof,Operations,Operations Manager,2015-04-08,E0916,,Active,,
E0922,Hakim Nair,Operations,Operations Manager,2018-10-05,E0936,,Active,,
E0923,Mei Yee Fernandez,Operations,Operations Manager,2013-02-21,E0914,,Active,,
E0924,Yee Han bin Rahman,Operations,Operations Manager,2021-01-10,E0914,,Active,,
E0925,Zahra Raj,Operations,Operations Manager,2022-12-16,E0900,,Active,,
E0926,Hakim Anak Jelani,Operations,Operations Manager,2020-10-01,E0906,,Active,,
E0927,Deepa bin Abdullah,Operations,Operations Manager,2020-08-11,E0907,,Active,,
E0928,Izzati binti Yusof,Operations,Operations Manager,2013-12-29,E0929,,Active,,
E0929,Hakim Raj,Operations,Operations Manager,2018-04-17,E0911,,Active,,
E0930,Zahra Raj,Operations,Operations Manager,2021-09-23,E0899,,Active,,
E0931,Farah Anak Jelani,Operations,Operations Manager,2013-08-14,E0929,,Active,,
E0932,Syafiq Anak Jelani,Operations,Operations Manager,2024-01-06,E0930,2025-07-10,Terminated,,
E0933,Mei Yee binti Yusof,Operations,Operations Manager,2025-01-08,E0899,,Active,,
E0934,Ahmad Kumar,Operations,Operations Manager,2019-04-03,E0916,2025-07-14,Terminated,,
E0935,Deepa bin Hassan,Operations,Operations Manager,2026-02-12,E0900,,Active,,
E0936,Ganesh Lim,Operations,Operations Manager,2017-10-02,E0920,,Active,,
E0937,Nadia bin Hassan,Operations,Operations Manager,2020-07-16,E0910,,Active,,
E0938,Izzati Lee,Operations,Operations Manager,2019-08-12,E0898,2023-05-22,Terminated,,
E0939,Syafiq Pillai,Sales,Sales Executive,2016-12-27,E1055,,Active,,
E0940,Kai Xin Chong,Sales,Sales Executive,2025-08-22,E0955,,Active,,
E0941,Aisyah Menon,Sales,Sales Executive,2013-04-02,E1024,,Active,,
E0942,Priya bin Abdullah,Sales,Sales Executive,2013-12-11,E1075,,Active,,
E0943,Amirul binti Yusof,Sales,Sales Executive,2015-05-17,E0972,,Active,,
E0944,Syafiq Wong,Sales,Sales Executive,2016-09-05,E0957,,Active,,
E0945,Hakim Lee,Sales,Sales Executive,2024-07-19,E1064,,Active,,
E0946,Firdaus Lim,Sales,Sales Executive,2016-07-15,E0992,,Active,,
E0947,Aisyah Fernandez,Sales,Sales Executive,2012-10-14,E1033,,Active,,
E0948,Kavitha binti Yusof,Sales,Sales Executive,2014-11-08,E0976,,Active,,
E0949,Wei Ling Chong,Sales,Sales Executive,2022-04-16,E0955,,Active,,
E0950,Hafiz Kumar,Sales,Sales Executive,2012-05-12,E1027,2024-02-01,Terminated,,
E0951,Farah binti Ismail,Sales,Sales Executive,2024-06-13,E0984,,Active,,
E0952,Kai Xin binti Omar,Sales,Sales Executive,2024-01-06,E0972,2025-05-30,Terminated,,
E0953,Deepa Fernandez,Sales,Sales Executive,2012-06-01,E0987,,Active,,
E0954,Farah bin Rahman,Sales,Sales Executive,2016-02-18,E1085,,Active,,
E0955,Mei Yee bin Rahman,Sales,Sales Executive,2013-08-15,E1069,,Active,,
E0956,Ahmad Fernandez,Sales,Sales Executive,2015-02-10,E1104,,Active,,
E0957,Hakim Wong,Sales,Sales Executive,2026-01-04,E1032,,Active,,
E0958,Priya Lee,Sales,Sales Executive,2025-04-05,E1057,,Active,,
E0959,Nadia Chong,Sales,Sales Executive,2024-11-21,E1052,2025-10-24,Terminated,,
E0960,Mei Yee Fernandez,Sales,Sales Executive,2022-03-26,E1093,2025-09-13,Terminated,,
E0961,Zahra binti Omar,Sales,Sales Executive,2023-09-15,E1097,,Active,,
E0962,Amirul Wong,Sales,Sales Executive,2013-05-04,E1028,,Active,,
E0963,Ganesh bin Hassan,Sales,Sales Executive,2014-01-11,E0952,,Active,,
E0964,Jun Hao Anak Jelani,Sales,Sales Executive,2018-11-07,E1105,,Active,,
E0965,Kavitha Nair,Sales,Sales Executive,2020-02-04,E0976,,Active,,
E0966,Amirul Kumar,Sales,Sales Executive,2019-11-17,E1012,2026-04-13,Terminated,,
E0967,Ganesh Kumar,Sales,Sales Executive,2025-04-11,E1012,,Active,,
E0968,Farah Chong,Sales,Sales Executive,2018-06-15,E1017,,Active,,
E0969,Priya binti Omar,Sales,Sales Executive,2017-12-07,E1033,,Active,,
E0970,Nadia Anak Jelani,Sales,Sales Executive,2026-02-23,E1021,,Active,,
E0971,Rachel Anak Jelani,Sales,Sales Executive,2018-12-29,E1063,,Active,,
E0972,Deepa bin Rahman,Sales,Sales Executive,2024-07-30,E1087,,Active,,
E0973,Yee Han Fernandez,Sales,Sales Executive,2013-01-23,E0986,2025-12-11,Terminated,,
E0974,Siew Mun bin Hassan,Sales,Sales Executive,2016-09-30,E1088,,Active,,
E0975,Nadia Nair,Sales,Sales Executive,2025-03-11,E1046,,Active,,
E0976,Syafiq binti Yusof,Sales,Sales Executive,2026-03-03,E1026,2026-06-22,Terminated,,
E0977,Mei Yee Wong,Sales,Sales Executive,2016-05-17,E0995,,Active,,
E0978,Deepa Kumar,Sales,Sales Executive,2015-02-26,E1024,,Active,,
E0979,Syafiq binti Omar,Sales,Sales Executive,2024-08-25,E0960,,Active,,
E0980,Michelle bin Hassan,Sales,Sales Executive,2013-02-16,E1093,2025-12-16,Terminated,,
E0981,Amirul Ng,Sales,Sales Executive,2018-08-26,E0992,,Active,,
E0982,Kavitha Lee,Sales,Sales Executive,2016-09-06,E0956,,Active,,
E0983,Farah Lee,Sales,Sales Executive,2019-02-25,E0942,,Active,,
E0984,Izzati binti Yusof,Sales,Sales Executive,2015-09-24,E1104,2026-04-04,Terminated,,
E0985,Hafiz Menon,Sales,Sales Executive,2021-10-05,E0977,,Active,,
E0986,Ganesh Menon,Sales,Sales Executive,2020-12-17,E1055,,Active,,
E0987,Hakim Anak Jelani,Sales,Sales Executive,2025-08-17,E1001,,Active,,
E0988,Deepa Fernandez,Sales,Sales Executive,2017-09-06,E1030,,Active,,
E0989,Firdaus Tan,Sales,Sales Executive,2015-05-23,E0977,,Active,,
E0990,Ganesh Anak Jelani,Sales,Sales Executive,2023-09-03,E1097,2024-11-08,Terminated,,
E0991,Izzati Raj,Sales,Sales Executive,2023-11-21,E0958,,Active,,
E0992,Amirul Chong,Sales,Sales Executive,2012-07-11,E1060,,Active,,
E0993,Priya Kumar,Sales,Sales Executive,2012-04-27,E1048,,Active,,
E0994,Deepa Anak Jelani,Sales,Sales Executive,2018-06-10,E0970,,Active,,
E0995,Zahra Wong,Sales,Sales Executive,2021-04-04,E0997,,Active,,
E0996,Ahmad Lee,Sales,Sales Executive,2018-11-10,E1083,,Active,,
E0997,Yee Han Wong,Sales,Sales Executive,2024-04-06,E1009,2024-09-30,Terminated,,
E0998,Wei Ling bin Rahman,Sales,Sales Executive,2022-03-07,E1081,,Active,,
E0999,Arun Pillai,Sales,Sales Executive,2014-06-14,E0992,,Active,,
E1000,Izzati Fernandez,Sales,Sales Executive,2021-07-10,E0989,,Active,,
E1001,Rachel binti Yusof,Sales,Sales Executive,2025-04-19,E0992,,Active,,
E1002,Michelle bin Abdullah,Sales,Sales Executive,2020-11-20,E1076,2023-03-30,Terminated,,
E1003,Arun Menon,Sales,Sales Executive,2016-12-24,E1102,,Active,,
E1004,Priya binti Yusof,Sales,Sales Executive,2016-05-30,E0946,,Active,,
E1005,Suresh binti Yusof,Sales,Sales Executive,2018-05-12,E1068,,Active,,
E1006,Amirul Lim,Sales,Sales Executive,2023-04-22,E0948,,Active,,
E1007,Deepa Wong,Sales,Sales Executive,2021-02-20,E1022,,Active,,
E1008,Siew Mun Lee,Sales,Sales Executive,2022-04-20,E0986,,Active,,
E1009,Arun Nair,Sales,Sales Executive,2013-08-15,E1040,2025-10-30,Terminated,,
E1010,Aisyah Pillai,Sales,Sales Executive,2019-12-18,E0980,2026-06-15,Terminated,,
E1011,Hakim Lee,Sales,Sales Executive,2016-02-17,E1102,,Active,,
E1012,Aisyah Chong,Sales,Sales Executive,2021-10-11,E1046,2021-12-13,Terminated,,
E1013,Aisyah Chong,Sales,Sales Executive,2017-11-23,E1032,,Active,,
E1014,Firdaus Fernandez,Sales,Sales Executive,2021-06-26,E1017,2022-11-07,Terminated,,
E1015,Adrian bin Rahman,Sales,Sales Executive,2018-06-07,E1034,,Active,,
E1016,Ahmad binti Omar,Sales,Sales Executive,2014-10-20,E1070,,Active,,
E1017,Hafiz Nair,Sales,Sales Executive,2015-05-29,E1065,,Active,,
E1018,Arun Lim,Sales,Sales Executive,2015-09-02,E1019,,Active,,
E1019,Chee Keong bin Abdullah,Sales,Sales Executive,2022-03-18,E0984,,Active,,
E1020,Zahra bin Rahman,Sales,Sales Executive,2023-08-31,E1081,,Active,,
E1021,Arun Menon,Sales,Sales Executive,2020-07-19,E1010,,Active,,
E1022,Jun Hao Tan,Sales,Sales Executive,2016-08-11,E0970,2026-02-25,Terminated,,
E1023,Priya Fernandez,Sales,Sales Executive,2015-03-05,E1042,,Active,,
E1024,Suresh Chong,Sales,Sales Executive,2016-04-05,E1074,,Active,,
E1025,Deepa Pillai,Sales,Sales Executive,2019-05-09,E0983,,Active,,
E1026,Ganesh Lee,Sales,Sales Executive,2013-03-28,E0959,2021-04-12,Terminated,,
E1027,Daniel binti Omar,Sales,Sales Executive,2025-10-17,E0988,,Active,,
E1028,Michelle Fernandez,Sales,Sales Executive,2013-11-20,E1026,,Active,,
E1029,Jun Hao Kumar,Sales,Sales Executive,2020-05-09,E1099,2025-11-11,Terminated,,
E1030,Suresh Raj,Sales,Sales Executive,2025-12-28,E0977,,Active,,
E1031,Hafiz Kumar,Sales,Sales Executive,2015-10-21,E0961,,Active,,
E1032,Deepa Menon,Sales,Sales Executive,2017-03-27,E1066,2025-07-11,Terminated,,
E1033,Ahmad Pillai,Sales,Sales Executive,2019-01-29,E1044,,Active,,
E1034,Deepa Wong,Sales,Sales Executive,2021-05-08,E0973,,Active,,
E1035,Chee Keong Lim,Sales,Sales Executive,2018-10-12,E0967,,Active,,
E1036,Suresh bin Hassan,Sales,Sales Executive,2025-12-15,E1092,,Active,,
E1037,Izzati Fernandez,Sales,Sales Executive,2013-06-14,E0993,,Active,,
E1038,Chee Keong Kumar,Sales,Sales Executive,2018-08-21,E1055,,Active,,
E1039,Aisyah Wong,Sales,Sales Executive,2026-04-19,E0988,,Active,,
E1040,Farah Nair,Sales,Sales Executive,2015-01-15,E0967,2021-06-24,Terminated,,
E1041,Izzati Wong,Sales,Sales Executive,2018-01-20,E0944,,Active,,
E1042,Nadia binti Yusof,Sales,Sales Executive,2018-12-24,E0965,,Active,,
E1043,Firdaus Wong,Sales,Sales Executive,2015-05-03,E1099,,Active,,
E1044,Kavitha binti Omar,Sales,Sales Executive,2017-04-04,E1072,,Active,,
E1045,Amirul Fernandez,Sales,Sales Executive,2013-06-17,E0986,,Active,,
E1046,Kai Xin Pillai,Sales,Sales Executive,2019-08-07,E1099,2022-10-14,Terminated,,
E1047,Izzati bin Abdullah,Sales,Sales Executive,2016-01-28,E1071,,Active,,
E1048,Zahra Menon,Sales,Sales Executive,2012-04-10,E1026,,Active,,
E1049,Syafiq Nair,Sales,Sales Executive,2017-08-04,E1102,2022-01-10,Terminated,,
E1050,Adrian binti Yusof,Sales,Sales Executive,2014-12-27,E1011,,Active,,
E1051,Yee Han Ng,Sales,Sales Executive,2013-02-19,E1084,,Active,,
E1052,Arun Pillai,Sales,Sales Executive,2023-01-25,E0987,,Active,,
E1053,Zahra Nair,Sales,Sales Executive,2013-12-28,E0987,,Active,,
E1054,Michelle Anak Jelani,Sales,Sales Executive,2020-06-29,E0993,2021-02-16,Terminated,,
E1055,Kai Xin binti Omar,Sales,Sales Executive,2021-02-08,E1098,,Active,,
E1056,Wei Ling Chong,Sales,Sales Executive,2014-08-03,E1074,,Active,,
E1057,Mei Yee binti Ismail,Sales,Sales Executive,2026-04-08,E0958,,Active,,
E1058,Suresh Lim,Sales,Sales Executive,2015-06-15,E1060,,Active,,
E1059,Zahra binti Ismail,Sales,Sales Executive,2012-03-24,E1011,,Active,,
E1060,Amirul bin Rahman,Sales,Sales Executive,2026-01-29,E1069,,Active,,
E1061,Kai Xin Ng,Sales,Sales Executive,2012-01-10,E1035,,Active,,
E1062,Daniel binti Omar,Sales,Sales Executive,2022-01-04,E0998,,Active,,
E1063,Zahra Pillai,Sales,Sales Executive,2019-10-25,E1050,,Active,,
E1064,Kai Xin bin Abdullah,Sales,Sales Executive,2021-11-21,E1053,,Active,,
E1065,Izzati Ng,Sales,Sales Executive,2012-03-22,E1029,,Active,,
E1066,Rachel binti Omar,Sales,Sales Executive,2017-11-01,E1052,,Active,,
E1067,Priya Lee,Sales,Sales Executive,2015-08-21,E0955,,Active,,
E1068,Mei Yee Anak Jelani,Sales,Sales Executive,2019-06-16,E1071,,Active,,
E1069,Siew Mun binti Ismail,Sales,Sales Executive,2020-08-16,E0948,2024-03-27,Terminated,,
E1070,Hafiz Raj,Sales,Sales Executive,2026-05-27,E1009,,Active,,
E1071,Aisyah Chong,Sales,Sales Executive,2014-03-14,E0953,,Active,,
E1072,Priya Kumar,Sales,Sales Executive,2013-08-27,E0973,,Active,,
E1073,Zahra Lim,Sales,Sales Executive,2013-02-02,E0984,2021-09-06,Terminated,,
E1074,Suresh Wong,Sales,Sales Executive,2012-10-24,E1064,,Active,,
E1075,Aisyah Tan,Sales,Sales Executive,2024-06-16,E1072,,Active,,
E1076,Deepa Kumar,Sales,Sales Executive,2022-02-22,E1047,,Active,,
E1077,Kavitha Pillai,Sales,Sales Executive,2016-06-16,E1064,2026-02-10,Terminated,,
E1078,Deepa binti Ismail,Sales,Sales Executive,2019-01-23,E1102,,Active,,
E1079,Nurul Lee,Sales,Sales Manager,2024-10-14,E0958,,Active,,
E1080,Hakim bin Abdullah,Sales,Sales Manager,2018-05-08,E1048,,Active,,
E1081,Hakim Menon,Sales,Sales Manager,2019-05-20,E1047,,Active,,
E1082,Izzati Pillai,Sales,Sales Manager,2012-12-28,E1002,,Active,,
E1083,Syafiq Menon,Sales,Sales Manager,2017-10-21,E1105,2024-03-06,Terminated,,
E1084,Priya Tan,Sales,Sales Manager,2019-08-28,E1041,,Active,,
E1085,Priya Wong,Sales,Sales Manager,2021-06-17,E0939,,Active,,
E1086,Arun binti Omar,Sales,Sales Manager,2015-09-07,E0959,,Active,,
E1087,Adrian bin Abdullah,Sales,Sales Manager,2020-01-31,E0942,,Active,,
E1088,Yee Han Wong,Sales,Sales Manager,2018-09-11,E0949,2022-02-27,Terminated,,
E1089,Nurul Raj,Sales,Sales Manager,2023-01-07,E0959,,Active,,
E1090,Wei Ling Lee,Sales,Sales Manager,2013-09-22,E0999,,Active,,
E1091,Ganesh Nair,Sales,Sales Manager,2016-05-11,E1063,,Active,,
E1092,Deepa Nair,Sales,Sales Manager,2024-10-14,E1057,2025-09-05,Terminated,,
E1093,Ahmad Wong,Sales,Sales Manager,2020-01-11,E1087,,Active,,
E1094,Suresh binti Ismail,Sales,Sales Manager,2016-06-26,E0945,,Active,,
E1095,Daniel Fernandez,Sales,Sales Manager,2018-06-27,E0966,,Active,,
E1096,Adrian bin Abdullah,Sales,Executive,2025-10-31,E0968,,Active,Sales Manager,2025-09-10
E1097,Zahra Wong,Sales,Sales Manager,2016-05-20,E1030,,Active,,
E1098,Arun Lim,Sales,Sales Manager,2013-06-08,E1042,2025-08-26,Terminated,,
E1099,Kai Xin Nair,Sales,Sales Manager,2025-10-12,E1097,,Active,,
E1100,Farah Tan,Sales,Executive,2022-10-27,E1058,,Active,,
E1101,Li Wen Anak Jelani,Sales,Executive,2014-05-30,E1039,,Active,,
E1102,Rachel Pillai,Sales,Executive,2014-08-13,E1067,2026-03-02,Terminated,,
E1103,Rachel binti Ismail,Sales,Executive,2018-12-14,E0975,,Active,,
E1104,Ahmad Wong,Sales,Executive,2020-06-17,E1056,,Active,,
E1105,Ahmad Nair,Sales,Sales Manager,2019-06-29,E0953,,Active,Executive,2025-09-05
E1106,Farah Ng,Sales,Executive,2013-06-14,E1040,,Active,,
E1107,Chee Keong Raj,Legal,Legal Counsel,2022-09-18,E1119,,Active,,
E1108,Ahmad bin Abdullah,Legal,Legal Counsel,2021-10-15,E1110,,Active,,
E1109,Rachel binti Yusof,Legal,Legal Counsel,2021-04-20,E1120,2026-04-06,Terminated,,
E1110,Kai Xin binti Yusof,Legal,Legal Counsel,2017-08-19,E1117,,Active,,
E1111,Amirul Raj,Legal,Legal Counsel,2012-10-20,E1118,,Active,,
E1112,Ahmad bin Abdullah,Legal,Legal Counsel,2014-07-21,E1108,2021-09-13,Terminated,,
E1113,Siew Mun Wong,Legal,Legal Counsel,2024-05-22,E1120,,Active,,
E1114,Wei Ling Fernandez,Legal,Legal Counsel,2013-07-13,E1110,,Active,,
E1115,Aisyah binti Omar,Legal,Legal Counsel,2022-09-09,E1113,,Active,,
E1116,Firdaus Anak Jelani,Legal,Legal Counsel,2013-07-20,E1110,2025-11-08,Terminated,,
E1117,Chee Keong bin Rahman,Legal,Legal Counsel,2021-09-28,E1111,,Active,,
E1118,Kavitha Kumar,Legal,Legal Counsel,2014-04-11,E1114,,Active,,
E1119,Syafiq bin Rahman,Legal,Legal Counsel,2017-08-23,E1117,,Active,,
E1120,Yee Han Fernandez,Legal,Legal Counsel,2013-08-31,E1111,,Active,,
E1121,Nurul Tan,Facilities,Facilities Staff,2012-03-24,E0001,2025-12-25,Terminated,,
E1122,Jun Hao Wong,Facilities,Facilities Staff,2012-04-02,E1121,,Active,,
E1123,Li Wen bin Rahman,Facilities,Facilities Staff,2013-05-04,E1121,,Active,,
E1124,Ganesh Chong,Facilities,Facilities Staff,2016-02-17,E1121,,Active,,
E1125,Nadia Nair,Facilities,Facilities Staff,2024-07-31,E1121,,Active,,
E1126,Suresh bin Rahman,Facilities,Facilities Staff,2015-08-14,E1121,,Active,,
E1127,Adrian Raj,Facilities,Facilities Staff,2015-01-14,E1121,,Active,,
E1128,Jun Hao bin Abdullah,Facilities,Facilities Staff,2025-08-11,E1121,,Active,,
E1129,Hakim bin Rahman,Facilities,Facilities Staff,2017-11-16,E1121,,Active,,
E1130,Arun Wong,Facilities,Facilities Staff,2014-08-31,E1121,2024-01-19,Terminated,,
E1131,Siew Mun bin Hassan,Facilities,Facilities Staff,2019-04-24,E1121,,Active,,
E1132,Amirul Wong,Facilities,Facilities Staff,2013-11-11,E1121,2021-10-20,Terminated,,
E1133,Arun Nair,Facilities,Facilities Staff,2021-03-18,E1121,2025-07-07,Terminated,,
E1134,Syafiq binti Omar,Facilities,Facilities Staff,2017-01-17,E1121,2020-09-04,Terminated,,
E1135,Farah Ng,Facilities,Facilities Staff,2021-07-07,E1121,2023-11-08,Terminated,,
E1136,Adrian Nair,Facilities,Facilities Staff,2024-07-09,E1121,,Active,,
E1137,Aisyah Wong,Facilities,Facilities Staff,2016-05-16,E1121,2025-12-31,Terminated,,
E1138,Kavitha bin Abdullah,Facilities,Facilities Staff,2012-11-22,E1121,2024-05-07,Terminated,,
E1139,Zahra Wong,Facilities,Facilities Staff,2024-10-25,E1121,,Active,,
E1140,Kai Xin bin Hassan,Facilities,Facilities Staff,2017-09-17,E1121,,Active,,
E1141,Farah Chong,Facilities,Facilities Staff,2022-06-27,E1121,2026-04-24,Terminated,,
E1142,Zahra bin Rahman,Facilities,Facilities Staff,2018-05-14,E1121,,Active,,
E1143,Suresh Wong,Facilities,Facilities Staff,2017-04-13,E1121,2026-01-23,Terminated,,
E1144,Adrian Ng,Facilities,Facilities Staff,2015-08-26,E1121,,Active,,
E1145,Chee Keong Anak Jelani,Facilities,Facilities Staff,2022-08-27,E1121,2024-05-09,Terminated,,
E1146,Deepa Chong,Facilities,Facilities Staff,2016-09-25,E1121,,Active,,
E1147,Kavitha Kumar,Facilities,Facilities Staff,2015-03-28,E1121,,Active,,
E1148,Aisyah Menon,Facilities,Facilities Staff,2021-11-29,E1121,,Active,,
E1149,Hakim binti Omar,Facilities,Facilities Staff,2022-01-08,E1121,,Active,,
E1150,Siew Mun Raj,Facilities,Facilities Staff,2018-05-23,E1121,2026-06-08,Terminated,,
E1151,Firdaus Nair,Facilities,Facilities Staff,2025-01-24,E1121,,Active,,
E1152,Hafiz Chong,Facilities,Facilities Staff,2026-03-09,E1121,,Active,,
E1153,Jun Hao binti Yusof,Facilities,Facilities Staff,2024-01-04,E1121,,Active,,
E1154,Nadia Wong,Facilities,Facilities Staff,2026-01-15,E1121,,Active,,
E1155,Aisyah Anak Jelani,Facilities,Facilities Staff,2014-08-11,E1121,,Active,,
E1156,Rachel Fernandez,Facilities,Facilities Staff,2020-05-03,E1121,,Active,,
E1157,Izzati binti Ismail,Facilities,Facilities Staff,2015-05-17,E1121,,Active,,
E1158,Ahmad binti Yusof,Facilities,Facilities Staff,2019-09-06,E1121,,Active,,
E1159,Wei Ling bin Hassan,Facilities,Facilities Staff,2025-08-06,E1121,,Active,,
E1160,Syafiq Pillai,Facilities,Facilities Staff,2017-08-16,E1121,2026-04-17,Terminated,,
E1161,Nurul Menon,Facilities,Facilities Staff,2012-11-17,E1121,2024-03-05,Terminated,,
E1162,Zahra binti Ismail,Facilities,Facilities Staff,2017-11-07,E1121,,Active,,
E1163,Priya binti Omar,Facilities,Facilities Staff,2018-04-27,E1121,,Active,,
E1164,Deepa bin Hassan,Facilities,Facilities Staff,2018-07-09,E1121,,Active,,
E1165,Izzati binti Omar,Facilities,Facilities Staff,2023-12-19,E1121,,Active,,
E1166,Ganesh Wong,Facilities,Facilities Staff,2012-04-01,E1121,,Active,,
E1167,Rachel binti Yusof,Facilities,Facilities Staff,2023-05-26,E1121,,Active,,
E1168,Nurul binti Yusof,Facilities,Facilities Staff,2015-01-15,E1121,2021-09-18,Terminated,,
E1169,Kai Xin Lee,Facilities,Facilities Staff,2022-06-23,E1121,,Active,,
E1170,Amirul Raj,Facilities,Facilities Staff,2013-01-14,E1121,2023-10-01,Terminated,,
E1171,Suresh Wong,Facilities,Facilities Staff,2017-05-16,E1121,,Active,,
E1172,Firdaus Ng,Facilities,Facilities Staff,2023-09-20,E1121,,Active,,
E1173,Siew Mun Menon,Facilities,Facilities Staff,2012-02-24,E1121,,Active,,
E1174,Deepa Lim,Facilities,Facilities Staff,2015-07-31,E1121,,Active,,
E1175,Chee Keong Tan,Facilities,Facilities Staff,2012-08-15,E1121,,Active,,
E1176,Daniel Tan,Facilities,Facilities Staff,2012-10-07,E1121,2025-08-28,Terminated,,
E1177,Yee Han bin Abdullah,Facilities,Facilities Staff,2017-09-20,E1121,,Active,,
E1178,Daniel Wong,Facilities,Facilities Staff,2016-03-16,E1121,,Active,,
E1179,Li Wen binti Ismail,Facilities,Facilities Staff,2022-09-07,E1121,,Active,,
E1180,Daniel Pillai,Facilities,Facilities Staff,2012-03-25,E1121,2023-08-15,Terminated,,
E1181,Chee Keong Wong,Facilities,Facilities Staff,2018-10-19,E1121,,Active,,
E1182,Nurul Ng,Facilities,Facilities Staff,2024-03-06,E1121,,Active,,
E1183,Farah Raj,Facilities,Facilities Staff,2026-01-31,E1121,,Active,,
E1184,Kai Xin Pillai,Facilities,Facilities Staff,2013-08-11,E1121,2022-07-11,Terminated,,
E1185,Hafiz bin Rahman,Facilities,Facilities Staff,2013-11-12,E1121,,Active,,
E1186,Hakim Anak Jelani,Facilities,Facilities Staff,2013-12-15,E1121,,Active,,
E1187,Zahra binti Ismail,Facilities,Facilities Staff,2023-10-09,E1121,,Active,,
E1188,Mei Yee Kumar,Facilities,Facilities Staff,2026-05-31,E1121,,Active,,
E1189,Aisyah Menon,Facilities,Facilities Staff,2021-02-15,E1121,,Active,,
E1190,Li Wen Nair,Facilities,Facilities Staff,2019-01-21,E1121,2026-01-22,Terminated,,
E1191,Nurul Lim,Facilities,Facilities Staff,2025-01-05,E1121,,Active,,
E1192,Arun Tan,Facilities,Facilities Staff,2017-01-10,E1121,,Active,,
E1193,Amirul Lee,Facilities,Facilities Staff,2014-09-03,E1121,2024-02-07,Terminated,,
E1194,Farah Kumar,Facilities,Facilities Staff,2021-07-09,E1121,,Active,,
E1195,Jun Hao Lim,Facilities,Facilities Staff,2022-09-27,E1121,,Active,,
E1196,Farah Lim,Facilities,Facilities Staff,2019-11-03,E1121,,Active,,
E1197,Firdaus Pillai,Facilities,Facilities Staff,2014-10-26,E1121,,Active,,
E1198,Michelle Anak Jelani,Facilities,Facilities Staff,2023-08-24,E1121,,Active,,
E1199,Nurul Raj,Facilities,Facilities Staff,2013-12-25,E1121,2025-10-09,Terminated,,
E1200,Nurul bin Hassan,Facilities,Facilities Staff,2025-06-18,E1121,,Active,,
E1201,Kai Xin Kumar,Facilities,Facilities Staff,2019-11-17,E1121,,Active,,
E1202,Siew Mun Pillai,Facilities,Facilities Staff,2022-12-10,E1121,,Active,,
E1203,Firdaus binti Omar,Facilities,Facilities Staff,2018-07-31,E1121,,Active,,
E1204,Ganesh binti Omar,Facilities,Facilities Staff,2020-08-10,E1121,,Active,,
