account_id,entitlement,granted_on
ad.e0001,AD:user,2012-11-16
erp.e0001,ERP:ap_invoice_entry,2012-11-16
erp.e0001,ERP:vendor_view,2012-11-16
ad.e0002,AD:user,2015-08-31
erp.e0002,ERP:ap_invoice_entry,2015-08-30
erp.e0002,ERP:vendor_view,2015-08-30
ad.e0003,AD:user,2014-12-15
erp.e0003,ERP:ap_invoice_entry,2014-12-14
erp.e0003,ERP:vendor_view,2014-12-14
ad.e0004,AD:user,2020-03-30
erp.e0004,ERP:ap_invoice_entry,2020-03-29
erp.e0004,ERP:vendor_view,2020-03-29
ad.e0005,AD:user,2013-07-01
erp.e0005,ERP:ap_invoice_entry,2013-07-03
erp.e0005,ERP:vendor_view,2013-07-03
ad.e0006,AD:user,2018-07-27
erp.e0006,ERP:ap_invoice_entry,2018-07-28
erp.e0006,ERP:vendor_view,2018-07-28
ad.e0007,AD:user,2025-03-09
erp.e0007,ERP:ap_invoice_entry,2025-03-09
erp.e0007,ERP:vendor_view,2025-03-09
ad.e0008,AD:user,2017-04-24
erp.e0008,ERP:ap_invoice_entry,2017-04-25
erp.e0008,ERP:vendor_view,2017-04-25
ad.e0009,AD:user,2014-05-31
erp.e0009,ERP:ap_invoice_entry,2014-05-31
erp.e0009,ERP:vendor_view,2014-05-31
ad.e0010,AD:user,2014-02-05
erp.e0010,ERP:ap_invoice_entry,2014-02-05
erp.e0010,ERP:vendor_view,2014-02-05
ad.e0011,AD:user,2016-06-12
erp.e0011,ERP:ap_invoice_entry,2016-06-10
erp.e0011,ERP:vendor_view,2016-06-10
ad.e0012,AD:user,2022-08-21
erp.e0012,ERP:ap_invoice_entry,2022-08-22
erp.e0012,ERP:vendor_view,2022-08-22
ad.e0013,AD:user,2014-08-19
erp.e0013,ERP:ap_invoice_entry,2014-08-19
erp.e0013,ERP:vendor_view,2014-08-19
ad.e0014,AD:user,2024-11-09
erp.e0014,ERP:ar_receipts,2025-10-17
erp.e0014,ERP:customer_view,2025-10-17
ad.e0015,AD:user,2021-01-01
erp.e0015,ERP:ap_invoice_entry,2020-12-31
erp.e0015,ERP:vendor_view,2020-12-31
ad.e0016,AD:user,2024-02-19
erp.e0016,ERP:ap_invoice_entry,2024-02-20
erp.e0016,ERP:vendor_view,2024-02-20
ad.e0017,AD:user,2015-02-18
erp.e0017,ERP:ap_invoice_entry,2015-02-18
erp.e0017,ERP:vendor_view,2015-02-18
ad.e0018,AD:user,2022-10-02
erp.e0018,ERP:ap_invoice_entry,2022-10-04
erp.e0018,ERP:vendor_view,2022-10-04
ad.e0019,AD:user,2014-09-26
erp.e0019,ERP:ar_receipts,2025-08-22
erp.e0019,ERP:customer_view,2025-08-22
ad.e0020,AD:user,2018-06-10
erp.e0020,ERP:ap_invoice_entry,2018-06-10
erp.e0020,ERP:vendor_view,2018-06-10
ad.e0021,AD:user,2017-10-01
erp.e0021,ERP:ap_invoice_entry,2017-09-30
erp.e0021,ERP:vendor_view,2017-09-30
ad.e0022,AD:user,2024-09-06
erp.e0022,ERP:ap_invoice_entry,2024-09-05
erp.e0022,ERP:vendor_view,2024-09-05
ad.e0023,AD:user,2018-10-13
erp.e0023,ERP:ap_invoice_entry,2018-10-12
erp.e0023,ERP:vendor_view,2018-10-12
ad.e0024,AD:user,2024-07-20
erp.e0024,ERP:ap_invoice_entry,2024-07-22
erp.e0024,ERP:vendor_view,2024-07-22
ad.e0025,AD:user,2020-06-12
erp.e0025,ERP:ap_invoice_entry,2020-06-10
erp.e0025,ERP:vendor_view,2020-06-10
ad.e0026,AD:user,2012-08-26
erp.e0026,ERP:ap_invoice_entry,2012-08-26
erp.e0026,ERP:vendor_view,2012-08-26
ad.e0027,AD:user,2018-11-19
erp.e0027,ERP:ap_invoice_entry,2018-11-19
erp.e0027,ERP:vendor_view,2018-11-19
ad.e0028,AD:user,2015-04-29
erp.e0028,ERP:ap_invoice_entry,2015-04-30
erp.e0028,ERP:vendor_view,2015-04-30
ad.e0029,AD:user,2012-05-14
erp.e0029,ERP:ap_invoice_entry,2012-05-14
erp.e0029,ERP:vendor_view,2012-05-14
ad.e0030,AD:user,2014-08-20
erp.e0030,ERP:ap_invoice_entry,2014-08-20
erp.e0030,ERP:vendor_view,2014-08-20
ad.e0031,AD:user,2024-09-15
erp.e0031,ERP:ap_invoice_entry,2024-09-17
erp.e0031,ERP:vendor_view,2024-09-17
ad.e0032,AD:user,2020-12-27
erp.e0032,ERP:ap_invoice_entry,2020-12-27
erp.e0032,ERP:vendor_view,2020-12-27
ad.e0033,AD:user,2020-03-18
erp.e0033,ERP:ap_invoice_entry,2020-03-18
erp.e0033,ERP:vendor_view,2020-03-18
ad.e0034,AD:user,2024-06-10
erp.e0034,ERP:ap_invoice_entry,2024-06-08
erp.e0034,ERP:vendor_view,2024-06-08
ad.e0035,AD:user,2018-09-10
erp.e0035,ERP:ap_invoice_entry,2018-09-09
erp.e0035,ERP:vendor_view,2018-09-09
ad.e0036,AD:user,2012-12-06
erp.e0036,ERP:ap_invoice_entry,2012-12-06
erp.e0036,ERP:vendor_view,2012-12-06
ad.e0037,AD:user,2012-10-25
erp.e0037,ERP:ap_invoice_entry,2012-10-24
erp.e0037,ERP:vendor_view,2012-10-24
ad.e0038,AD:user,2015-09-09
erp.e0038,ERP:ap_invoice_entry,2015-09-08
erp.e0038,ERP:vendor_view,2015-09-08
ad.e0039,AD:user,2024-05-18
erp.e0039,ERP:ap_invoice_entry,2024-05-19
erp.e0039,ERP:vendor_view,2024-05-19
ad.e0040,AD:user,2022-05-28
erp.e0040,ERP:ap_invoice_entry,2022-05-26
erp.e0040,ERP:vendor_view,2022-05-26
ad.e0041,AD:user,2019-02-09
erp.e0041,ERP:ap_invoice_entry,2019-02-08
erp.e0041,ERP:vendor_view,2019-02-08
ad.e0042,AD:user,2024-04-25
erp.e0042,ERP:ap_invoice_entry,2024-04-24
erp.e0042,ERP:vendor_view,2024-04-24
ad.e0043,AD:user,2018-03-27
erp.e0043,ERP:ap_invoice_entry,2018-03-25
erp.e0043,ERP:vendor_view,2018-03-25
ad.e0044,AD:user,2015-03-21
erp.e0044,ERP:ap_invoice_entry,2015-03-22
erp.e0044,ERP:vendor_view,2015-03-22
ad.e0045,AD:user,2014-11-20
erp.e0045,ERP:ap_invoice_entry,2014-11-19
erp.e0045,ERP:vendor_view,2014-11-19
ad.e0046,AD:user,2021-03-04
erp.e0046,ERP:ap_invoice_entry,2021-03-06
erp.e0046,ERP:vendor_view,2021-03-06
ad.e0047,AD:user,2014-03-23
erp.e0047,ERP:ap_invoice_entry,2014-03-22
erp.e0047,ERP:vendor_view,2014-03-22
ad.e0048,AD:user,2023-03-16
erp.e0048,ERP:ap_invoice_entry,2023-03-18
erp.e0048,ERP:vendor_view,2023-03-18
ad.e0049,AD:user,2018-05-04
erp.e0049,ERP:ap_invoice_entry,2018-05-03
erp.e0049,ERP:vendor_view,2018-05-03
ad.e0050,AD:user,2014-02-24
erp.e0050,ERP:ap_invoice_entry,2014-02-23
erp.e0050,ERP:vendor_view,2014-02-23
ad.e0051,AD:user,2025-02-12
erp.e0051,ERP:ap_invoice_entry,2025-02-13
erp.e0051,ERP:vendor_view,2025-02-13
ad.e0052,AD:user,2018-04-12
erp.e0052,ERP:ap_invoice_entry,2018-04-12
erp.e0052,ERP:vendor_view,2018-04-12
ad.e0053,AD:user,2016-10-29
erp.e0053,ERP:ap_invoice_entry,2016-10-27
erp.e0053,ERP:vendor_view,2016-10-27
ad.e0054,AD:user,2013-12-20
erp.e0054,ERP:ap_invoice_entry,2013-12-19
erp.e0054,ERP:vendor_view,2013-12-19
ad.e0055,AD:user,2016-11-21
erp.e0055,ERP:ap_invoice_entry,2016-11-20
erp.e0055,ERP:vendor_view,2016-11-20
ad.e0056,AD:user,2012-06-12
erp.e0056,ERP:ap_invoice_entry,2012-06-12
erp.e0056,ERP:vendor_view,2012-06-12
ad.e0057,AD:user,2012-11-12
erp.e0057,ERP:ap_invoice_entry,2012-11-12
erp.e0057,ERP:vendor_view,2012-11-12
ad.e0058,AD:user,2020-12-09
erp.e0058,ERP:ap_invoice_entry,2020-12-09
erp.e0058,ERP:vendor_view,2020-12-09
ad.e0059,AD:user,2017-03-09
erp.e0059,ERP:ap_invoice_entry,2017-03-08
erp.e0059,ERP:vendor_view,2017-03-08
ad.e0060,AD:user,2017-06-13
erp.e0060,ERP:ap_invoice_entry,2017-06-13
erp.e0060,ERP:vendor_view,2017-06-13
ad.e0061,AD:user,2023-11-01
erp.e0061,ERP:ap_invoice_entry,2023-10-31
erp.e0061,ERP:vendor_view,2023-10-31
ad.e0062,AD:user,2019-10-07
erp.e0062,ERP:ap_invoice_entry,2019-10-05
erp.e0062,ERP:vendor_view,2019-10-05
ad.e0063,AD:user,2017-07-12
erp.e0063,ERP:ap_invoice_entry,2017-07-12
erp.e0063,ERP:vendor_view,2017-07-12
ad.e0064,AD:user,2015-09-26
erp.e0064,ERP:ap_invoice_entry,2015-09-26
erp.e0064,ERP:vendor_view,2015-09-26
ad.e0065,AD:user,2016-03-02
erp.e0065,ERP:ap_invoice_entry,2016-03-04
erp.e0065,ERP:vendor_view,2016-03-04
ad.e0066,AD:user,2024-06-18
erp.e0066,ERP:ap_invoice_entry,2024-06-16
erp.e0066,ERP:vendor_view,2024-06-16
ad.e0067,AD:user,2025-02-14
erp.e0067,ERP:ap_invoice_entry,2025-02-16
erp.e0067,ERP:vendor_view,2025-02-16
ad.e0068,AD:user,2021-11-09
erp.e0068,ERP:ap_invoice_entry,2021-11-09
erp.e0068,ERP:vendor_view,2021-11-09
ad.e0069,AD:user,2025-02-17
erp.e0069,ERP:ap_invoice_entry,2025-02-19
erp.e0069,ERP:vendor_view,2025-02-19
ad.e0070,AD:user,2023-09-20
erp.e0070,ERP:ap_invoice_entry,2023-09-19
erp.e0070,ERP:vendor_view,2023-09-19
ad.e0071,AD:user,2021-09-30
erp.e0071,ERP:ap_invoice_entry,2021-09-30
erp.e0071,ERP:ap_invoice_approve,2021-09-30
erp.e0071,ERP:vendor_view,2021-09-30
ad.e0072,AD:user,2019-05-21
erp.e0072,ERP:ap_invoice_entry,2019-05-23
erp.e0072,ERP:ap_invoice_approve,2019-05-23
erp.e0072,ERP:vendor_view,2019-05-23
ad.e0073,AD:user,2015-03-16
erp.e0073,ERP:ap_invoice_entry,2015-03-17
erp.e0073,ERP:ap_invoice_approve,2015-03-17
erp.e0073,ERP:vendor_view,2015-03-17
ad.e0074,AD:user,2016-10-06
erp.e0074,ERP:ap_invoice_entry,2016-10-06
erp.e0074,ERP:ap_invoice_approve,2016-10-06
erp.e0074,ERP:vendor_view,2016-10-06
ad.e0075,AD:user,2013-03-21
erp.e0075,ERP:ap_invoice_entry,2013-03-20
erp.e0075,ERP:ap_invoice_approve,2013-03-20
erp.e0075,ERP:vendor_view,2013-03-20
ad.e0076,AD:user,2019-12-26
erp.e0076,ERP:ap_invoice_entry,2019-12-25
erp.e0076,ERP:ap_invoice_approve,2019-12-25
erp.e0076,ERP:vendor_view,2019-12-25
ad.e0077,AD:user,2019-05-14
erp.e0077,ERP:ap_invoice_entry,2019-05-16
erp.e0077,ERP:ap_invoice_approve,2019-05-16
erp.e0077,ERP:vendor_view,2019-05-16
ad.e0078,AD:user,2026-04-16
erp.e0078,ERP:ap_invoice_entry,2026-04-17
erp.e0078,ERP:ap_invoice_approve,2026-04-17
erp.e0078,ERP:vendor_view,2026-04-17
ad.e0079,AD:user,2024-10-07
erp.e0079,ERP:ap_invoice_entry,2024-10-06
erp.e0079,ERP:ap_invoice_approve,2024-10-06
erp.e0079,ERP:vendor_view,2024-10-06
ad.e0080,AD:user,2021-08-10
erp.e0080,ERP:ap_invoice_entry,2021-08-11
erp.e0080,ERP:ap_invoice_approve,2021-08-11
erp.e0080,ERP:vendor_view,2021-08-11
ad.e0081,AD:user,2023-03-09
erp.e0081,ERP:ap_invoice_entry,2023-03-09
erp.e0081,ERP:ap_invoice_approve,2023-03-09
erp.e0081,ERP:vendor_view,2023-03-09
ad.e0082,AD:user,2018-05-06
erp.e0082,ERP:ap_invoice_entry,2018-05-04
erp.e0082,ERP:ap_invoice_approve,2018-05-04
erp.e0082,ERP:vendor_view,2018-05-04
ad.e0083,AD:user,2012-11-05
erp.e0083,ERP:ap_invoice_entry,2012-11-07
erp.e0083,ERP:ap_invoice_approve,2012-11-07
erp.e0083,ERP:vendor_view,2012-11-07
ad.e0084,AD:user,2025-04-21
erp.e0084,ERP:ap_invoice_entry,2025-04-22
erp.e0084,ERP:ap_invoice_approve,2025-04-22
erp.e0084,ERP:vendor_view,2025-04-22
ad.e0085,AD:user,2020-09-02
erp.e0085,ERP:ar_receipts,2020-09-02
erp.e0085,ERP:customer_view,2020-09-02
ad.e0086,AD:user,2014-01-14
erp.e0086,ERP:ar_receipts,2014-01-14
erp.e0086,ERP:customer_view,2014-01-14
ad.e0087,AD:user,2018-12-24
erp.e0087,ERP:ar_receipts,2018-12-23
erp.e0087,ERP:customer_view,2018-12-23
ad.e0088,AD:user,2014-01-06
erp.e0088,ERP:ar_receipts,2014-01-07
erp.e0088,ERP:customer_view,2014-01-07
ad.e0089,AD:user,2019-06-12
erp.e0089,ERP:ar_receipts,2019-06-10
erp.e0089,ERP:customer_view,2019-06-10
ad.e0090,AD:user,2014-03-10
erp.e0090,ERP:ar_receipts,2014-03-11
erp.e0090,ERP:customer_view,2014-03-11
ad.e0091,AD:user,2018-11-10
erp.e0091,ERP:ar_receipts,2018-11-10
erp.e0091,ERP:customer_view,2018-11-10
ad.e0092,AD:user,2018-12-01
erp.e0092,ERP:ar_receipts,2018-12-02
erp.e0092,ERP:customer_view,2018-12-02
ad.e0093,AD:user,2018-05-14
erp.e0093,ERP:ar_receipts,2018-05-15
erp.e0093,ERP:customer_view,2018-05-15
ad.e0094,AD:user,2019-01-26
erp.e0094,ERP:ar_receipts,2019-01-26
erp.e0094,ERP:customer_view,2019-01-26
ad.e0095,AD:user,2019-04-12
erp.e0095,ERP:ar_receipts,2019-04-12
erp.e0095,ERP:customer_view,2019-04-12
ad.e0096,AD:user,2014-05-13
erp.e0096,ERP:ar_receipts,2014-05-14
erp.e0096,ERP:customer_view,2014-05-14
ad.e0097,AD:user,2012-06-16
erp.e0097,ERP:ar_receipts,2012-06-17
erp.e0097,ERP:customer_view,2012-06-17
ad.e0098,AD:user,2022-12-17
erp.e0098,ERP:ar_receipts,2022-12-17
erp.e0098,ERP:customer_view,2022-12-17
ad.e0099,AD:user,2013-01-09
erp.e0099,ERP:ar_receipts,2013-01-08
erp.e0099,ERP:customer_view,2013-01-08
ad.e0100,AD:user,2017-03-20
erp.e0100,ERP:ar_receipts,2017-03-21
erp.e0100,ERP:customer_view,2017-03-21
ad.e0101,AD:user,2015-06-20
erp.e0101,ERP:gl_journal_approve,2025-12-28
erp.e0101,ERP:gl_reporting,2025-12-28
erp.e0101,ERP:payment_approve,2025-12-28
erp.e0101,ERP:ap_invoice_approve,2025-12-28
ad.e0102,AD:user,2023-12-14
erp.e0102,ERP:ar_receipts,2023-12-15
erp.e0102,ERP:customer_view,2023-12-15
ad.e0103,AD:user,2015-09-05
erp.e0103,ERP:ar_receipts,2015-09-07
erp.e0103,ERP:customer_view,2015-09-07
ad.e0104,AD:user,2016-01-02
erp.e0104,ERP:ar_receipts,2016-01-01
erp.e0104,ERP:customer_view,2016-01-01
ad.e0105,AD:user,2025-09-23
erp.e0105,ERP:ar_receipts,2025-09-24
erp.e0105,ERP:customer_view,2025-09-24
ad.e0106,AD:user,2024-07-26
erp.e0106,ERP:ar_receipts,2024-07-28
erp.e0106,ERP:customer_view,2024-07-28
ad.e0107,AD:user,2012-10-06
erp.e0107,ERP:ar_receipts,2012-10-05
erp.e0107,ERP:customer_view,2012-10-05
ad.e0108,AD:user,2025-09-12
erp.e0108,ERP:ar_receipts,2025-09-13
erp.e0108,ERP:customer_view,2025-09-13
ad.e0109,AD:user,2023-08-05
erp.e0109,ERP:ar_receipts,2023-08-04
erp.e0109,ERP:customer_view,2023-08-04
ad.e0110,AD:user,2017-07-19
erp.e0110,ERP:ar_receipts,2017-07-17
erp.e0110,ERP:customer_view,2017-07-17
ad.e0111,AD:user,2023-07-03
erp.e0111,ERP:ar_receipts,2023-07-03
erp.e0111,ERP:customer_view,2023-07-03
ad.e0112,AD:user,2019-02-23
erp.e0112,ERP:ar_receipts,2019-02-23
erp.e0112,ERP:customer_view,2019-02-23
ad.e0113,AD:user,2013-03-14
erp.e0113,ERP:ar_receipts,2013-03-14
erp.e0113,ERP:customer_view,2013-03-14
ad.e0114,AD:user,2015-04-05
erp.e0114,ERP:ar_receipts,2015-04-05
erp.e0114,ERP:customer_view,2015-04-05
ad.e0115,AD:user,2015-10-28
erp.e0115,ERP:ar_receipts,2015-10-28
erp.e0115,ERP:customer_view,2015-10-28
ad.e0116,AD:user,2021-07-26
erp.e0116,ERP:ar_receipts,2021-07-25
erp.e0116,ERP:customer_view,2021-07-25
ad.e0117,AD:user,2025-03-05
erp.e0117,ERP:ar_receipts,2025-03-05
erp.e0117,ERP:customer_view,2025-03-05
ad.e0118,AD:user,2014-09-21
erp.e0118,ERP:ar_receipts,2014-09-22
erp.e0118,ERP:customer_view,2014-09-22
ad.e0119,AD:user,2015-03-01
erp.e0119,ERP:ar_receipts,2015-03-02
erp.e0119,ERP:customer_view,2015-03-02
ad.e0120,AD:user,2018-05-04
erp.e0120,ERP:ar_receipts,2018-05-04
erp.e0120,ERP:customer_view,2018-05-04
ad.e0121,AD:user,2019-07-21
erp.e0121,ERP:ar_receipts,2019-07-23
erp.e0121,ERP:customer_view,2019-07-23
ad.e0122,AD:user,2022-03-21
erp.e0122,ERP:ar_receipts,2022-03-20
erp.e0122,ERP:customer_view,2022-03-20
ad.e0123,AD:user,2015-03-07
erp.e0123,ERP:gl_journal_post,2025-08-27
erp.e0123,ERP:gl_reporting,2025-08-27
ad.e0124,AD:user,2017-10-14
erp.e0124,ERP:ar_receipts,2017-10-14
erp.e0124,ERP:customer_view,2017-10-14
ad.e0125,AD:user,2021-01-27
erp.e0125,ERP:ar_receipts,2021-01-25
erp.e0125,ERP:customer_view,2021-01-25
ad.e0126,AD:user,2012-09-11
erp.e0126,ERP:ar_receipts,2012-09-09
erp.e0126,ERP:customer_view,2012-09-09
ad.e0127,AD:user,2018-07-01
erp.e0127,ERP:payment_run,2018-06-30
erp.e0127,ERP:bank_recon,2018-06-30
erp.e0127,ERP:vendor_view,2018-06-30
ad.e0128,AD:user,2015-07-01
erp.e0128,ERP:payment_run,2015-07-01
erp.e0128,ERP:bank_recon,2015-07-01
erp.e0128,ERP:vendor_view,2015-07-01
ad.e0129,AD:user,2025-11-19
erp.e0129,ERP:payment_run,2025-11-20
erp.e0129,ERP:bank_recon,2025-11-20
erp.e0129,ERP:vendor_view,2025-11-20
ad.e0130,AD:user,2019-12-21
erp.e0130,ERP:payment_run,2019-12-20
erp.e0130,ERP:bank_recon,2019-12-20
erp.e0130,ERP:vendor_view,2019-12-20
ad.e0131,AD:user,2019-03-16
erp.e0131,ERP:payment_run,2019-03-18
erp.e0131,ERP:bank_recon,2019-03-18
erp.e0131,ERP:vendor_view,2019-03-18
ad.e0132,AD:user,2020-08-05
erp.e0132,ERP:payment_run,2020-08-04
erp.e0132,ERP:bank_recon,2020-08-04
erp.e0132,ERP:vendor_view,2020-08-04
ad.e0133,AD:user,2021-01-05
erp.e0133,ERP:payment_run,2021-01-06
erp.e0133,ERP:bank_recon,2021-01-06
erp.e0133,ERP:vendor_view,2021-01-06
ad.e0134,AD:user,2023-05-20
erp.e0134,ERP:payment_run,2023-05-18
erp.e0134,ERP:bank_recon,2023-05-18
erp.e0134,ERP:vendor_view,2023-05-18
ad.e0135,AD:user,2015-03-06
erp.e0135,ERP:payment_run,2015-03-04
erp.e0135,ERP:bank_recon,2015-03-04
erp.e0135,ERP:vendor_view,2015-03-04
ad.e0136,AD:user,2017-07-14
erp.e0136,ERP:payment_run,2017-07-13
erp.e0136,ERP:bank_recon,2017-07-13
erp.e0136,ERP:vendor_view,2017-07-13
ad.e0137,AD:user,2021-08-04
erp.e0137,ERP:payment_run,2021-08-06
erp.e0137,ERP:bank_recon,2021-08-06
erp.e0137,ERP:vendor_view,2021-08-06
ad.e0138,AD:user,2024-08-01
erp.e0138,ERP:payment_run,2024-07-31
erp.e0138,ERP:bank_recon,2024-07-31
erp.e0138,ERP:vendor_view,2024-07-31
ad.e0139,AD:user,2019-02-09
erp.e0139,ERP:payment_run,2019-02-10
erp.e0139,ERP:bank_recon,2019-02-10
erp.e0139,ERP:vendor_view,2019-02-10
ad.e0140,AD:user,2017-04-23
erp.e0140,ERP:payment_run,2017-04-25
erp.e0140,ERP:bank_recon,2017-04-25
erp.e0140,ERP:vendor_view,2017-04-25
ad.e0141,AD:user,2019-01-17
erp.e0141,ERP:payment_run,2019-01-16
erp.e0141,ERP:bank_recon,2019-01-16
erp.e0141,ERP:vendor_view,2019-01-16
ad.e0142,AD:user,2016-03-18
erp.e0142,ERP:payment_run,2016-03-18
erp.e0142,ERP:bank_recon,2016-03-18
erp.e0142,ERP:vendor_view,2016-03-18
ad.e0143,AD:user,2024-06-08
erp.e0143,ERP:payment_run,2024-06-07
erp.e0143,ERP:bank_recon,2024-06-07
erp.e0143,ERP:vendor_view,2024-06-07
ad.e0144,AD:user,2020-03-22
erp.e0144,ERP:payment_run,2020-03-22
erp.e0144,ERP:bank_recon,2020-03-22
erp.e0144,ERP:vendor_view,2020-03-22
ad.e0145,AD:user,2015-10-13
erp.e0145,ERP:payment_run,2015-10-14
erp.e0145,ERP:bank_recon,2015-10-14
erp.e0145,ERP:vendor_view,2015-10-14
ad.e0146,AD:user,2022-07-25
erp.e0146,ERP:payment_run,2022-07-23
erp.e0146,ERP:bank_recon,2022-07-23
erp.e0146,ERP:vendor_view,2022-07-23
ad.e0147,AD:user,2015-05-22
erp.e0147,ERP:payment_run,2015-05-24
erp.e0147,ERP:bank_recon,2015-05-24
erp.e0147,ERP:vendor_view,2015-05-24
ad.e0148,AD:user,2019-10-19
erp.e0148,ERP:gl_journal_post,2019-10-17
erp.e0148,ERP:gl_reporting,2019-10-17
ad.e0149,AD:user,2018-05-10
erp.e0149,ERP:gl_journal_post,2018-05-08
erp.e0149,ERP:gl_reporting,2018-05-08
ad.e0150,AD:user,2025-05-20
erp.e0150,ERP:gl_journal_post,2025-05-19
erp.e0150,ERP:gl_reporting,2025-05-19
ad.e0151,AD:user,2015-07-17
erp.e0151,ERP:gl_journal_post,2015-07-17
erp.e0151,ERP:gl_reporting,2015-07-17
ad.e0152,AD:user,2012-02-08
erp.e0152,ERP:gl_journal_post,2012-02-10
erp.e0152,ERP:gl_reporting,2012-02-10
ad.e0153,AD:user,2014-11-15
erp.e0153,ERP:gl_journal_post,2014-11-14
erp.e0153,ERP:gl_reporting,2014-11-14
ad.e0154,AD:user,2021-10-16
erp.e0154,ERP:gl_journal_post,2021-10-15
erp.e0154,ERP:gl_reporting,2021-10-15
ad.e0155,AD:user,2012-12-30
erp.e0155,ERP:gl_journal_post,2012-12-30
erp.e0155,ERP:gl_reporting,2012-12-30
ad.e0156,AD:user,2018-11-13
erp.e0156,ERP:gl_journal_post,2018-11-12
erp.e0156,ERP:gl_reporting,2018-11-12
ad.e0157,AD:user,2025-10-24
erp.e0157,ERP:gl_journal_post,2025-10-26
erp.e0157,ERP:gl_reporting,2025-10-26
ad.e0158,AD:user,2020-09-26
erp.e0158,ERP:gl_journal_post,2020-09-26
erp.e0158,ERP:gl_reporting,2020-09-26
ad.e0159,AD:user,2025-10-05
erp.e0159,ERP:gl_journal_post,2025-10-06
erp.e0159,ERP:gl_reporting,2025-10-06
ad.e0160,AD:user,2021-04-16
erp.e0160,ERP:gl_journal_post,2021-04-16
erp.e0160,ERP:gl_reporting,2021-04-16
ad.e0161,AD:user,2020-04-02
erp.e0161,ERP:gl_journal_post,2020-03-31
erp.e0161,ERP:gl_reporting,2020-03-31
ad.e0162,AD:user,2016-04-22
erp.e0162,ERP:gl_journal_post,2016-04-23
erp.e0162,ERP:gl_reporting,2016-04-23
ad.e0163,AD:user,2014-08-19
erp.e0163,ERP:gl_journal_post,2014-08-18
erp.e0163,ERP:gl_reporting,2014-08-18
ad.e0164,AD:user,2025-05-03
erp.e0164,ERP:gl_journal_post,2025-05-04
erp.e0164,ERP:gl_reporting,2025-05-04
ad.e0165,AD:user,2025-05-28
erp.e0165,ERP:gl_journal_post,2025-05-26
erp.e0165,ERP:gl_reporting,2025-05-26
ad.e0166,AD:user,2014-04-18
erp.e0166,ERP:gl_journal_post,2014-04-19
erp.e0166,ERP:gl_reporting,2014-04-19
ad.e0167,AD:user,2017-12-27
erp.e0167,ERP:gl_journal_post,2017-12-26
erp.e0167,ERP:gl_reporting,2017-12-26
ad.e0168,AD:user,2022-05-24
erp.e0168,ERP:gl_journal_post,2022-05-23
erp.e0168,ERP:gl_reporting,2022-05-23
ad.e0169,AD:user,2016-08-02
erp.e0169,ERP:gl_journal_post,2016-07-31
erp.e0169,ERP:gl_reporting,2016-07-31
ad.e0170,AD:user,2024-09-18
erp.e0170,ERP:gl_journal_post,2024-09-19
erp.e0170,ERP:gl_reporting,2024-09-19
ad.e0171,AD:user,2015-01-14
erp.e0171,ERP:gl_journal_post,2015-01-14
erp.e0171,ERP:gl_reporting,2015-01-14
ad.e0172,AD:user,2015-07-28
erp.e0172,ERP:gl_journal_post,2015-07-30
erp.e0172,ERP:gl_reporting,2015-07-30
ad.e0173,AD:user,2024-08-07
erp.e0173,ERP:gl_journal_post,2024-08-07
erp.e0173,ERP:gl_reporting,2024-08-07
ad.e0174,AD:user,2017-11-29
erp.e0174,ERP:gl_journal_post,2017-12-01
erp.e0174,ERP:gl_reporting,2017-12-01
ad.e0175,AD:user,2022-11-11
erp.e0175,ERP:gl_journal_post,2022-11-10
erp.e0175,ERP:gl_reporting,2022-11-10
ad.e0176,AD:user,2025-08-31
erp.e0176,ERP:gl_journal_post,2025-08-31
erp.e0176,ERP:gl_reporting,2025-08-31
ad.e0177,AD:user,2012-09-20
erp.e0177,ERP:gl_journal_post,2012-09-20
erp.e0177,ERP:gl_reporting,2012-09-20
ad.e0178,AD:user,2014-01-23
erp.e0178,ERP:gl_journal_post,2014-01-22
erp.e0178,ERP:gl_reporting,2014-01-22
ad.e0179,AD:user,2013-11-09
erp.e0179,ERP:gl_journal_post,2013-11-10
erp.e0179,ERP:gl_reporting,2013-11-10
ad.e0180,AD:user,2019-04-04
erp.e0180,ERP:gl_journal_post,2019-04-04
erp.e0180,ERP:gl_reporting,2019-04-04
ad.e0181,AD:user,2020-11-28
erp.e0181,ERP:gl_journal_post,2020-11-29
erp.e0181,ERP:gl_reporting,2020-11-29
ad.e0182,AD:user,2019-01-19
erp.e0182,ERP:gl_journal_post,2019-01-17
erp.e0182,ERP:gl_reporting,2019-01-17
ad.e0183,AD:user,2023-11-13
erp.e0183,ERP:gl_journal_post,2023-11-13
erp.e0183,ERP:gl_reporting,2023-11-13
ad.e0184,AD:user,2019-02-15
erp.e0184,ERP:gl_journal_post,2019-02-15
erp.e0184,ERP:gl_reporting,2019-02-15
ad.e0185,AD:user,2016-09-06
erp.e0185,ERP:gl_journal_post,2016-09-08
erp.e0185,ERP:gl_reporting,2016-09-08
ad.e0186,AD:user,2016-04-29
erp.e0186,ERP:gl_journal_post,2016-04-29
erp.e0186,ERP:gl_reporting,2016-04-29
ad.e0187,AD:user,2013-01-01
erp.e0187,ERP:payment_run,2025-10-11
erp.e0187,ERP:bank_recon,2025-10-11
erp.e0187,ERP:vendor_view,2025-10-11
ad.e0188,AD:user,2018-08-16
erp.e0188,ERP:gl_journal_post,2018-08-16
erp.e0188,ERP:gl_reporting,2018-08-16
ad.e0189,AD:user,2020-01-08
erp.e0189,ERP:gl_journal_post,2020-01-08
erp.e0189,ERP:gl_reporting,2020-01-08
ad.e0190,AD:user,2015-08-31
erp.e0190,ERP:gl_journal_approve,2015-08-30
erp.e0190,ERP:gl_reporting,2015-08-30
erp.e0190,ERP:payment_approve,2015-08-30
erp.e0190,ERP:ap_invoice_approve,2015-08-30
ad.e0191,AD:user,2013-02-05
erp.e0191,ERP:gl_journal_approve,2013-02-06
erp.e0191,ERP:gl_reporting,2013-02-06
erp.e0191,ERP:payment_approve,2013-02-06
erp.e0191,ERP:ap_invoice_approve,2013-02-06
ad.e0192,AD:user,2025-01-02
erp.e0192,ERP:gl_journal_approve,2025-01-01
erp.e0192,ERP:gl_reporting,2025-01-01
erp.e0192,ERP:payment_approve,2025-01-01
erp.e0192,ERP:ap_invoice_approve,2025-01-01
ad.e0193,AD:user,2024-04-21
erp.e0193,ERP:gl_journal_approve,2024-04-22
erp.e0193,ERP:gl_reporting,2024-04-22
erp.e0193,ERP:payment_approve,2024-04-22
erp.e0193,ERP:ap_invoice_approve,2024-04-22
ad.e0194,AD:user,2023-05-07
erp.e0194,ERP:gl_journal_approve,2023-05-08
erp.e0194,ERP:gl_reporting,2023-05-08
erp.e0194,ERP:payment_approve,2023-05-08
erp.e0194,ERP:ap_invoice_approve,2023-05-08
ad.e0195,AD:user,2013-04-03
erp.e0195,ERP:gl_journal_approve,2013-04-04
erp.e0195,ERP:gl_reporting,2013-04-04
erp.e0195,ERP:payment_approve,2013-04-04
erp.e0195,ERP:ap_invoice_approve,2013-04-04
ad.e0196,AD:user,2013-01-31
erp.e0196,ERP:gl_journal_approve,2013-02-02
erp.e0196,ERP:gl_reporting,2013-02-02
erp.e0196,ERP:payment_approve,2013-02-02
erp.e0196,ERP:ap_invoice_approve,2013-02-02
ad.e0197,AD:user,2017-03-01
erp.e0197,ERP:gl_journal_approve,2017-03-03
erp.e0197,ERP:gl_reporting,2017-03-03
erp.e0197,ERP:payment_approve,2017-03-03
erp.e0197,ERP:ap_invoice_approve,2017-03-03
ad.e0198,AD:user,2023-06-28
erp.e0198,ERP:gl_journal_approve,2023-06-26
erp.e0198,ERP:gl_reporting,2023-06-26
erp.e0198,ERP:payment_approve,2023-06-26
erp.e0198,ERP:ap_invoice_approve,2023-06-26
ad.e0199,AD:user,2016-12-11
erp.e0199,ERP:gl_journal_approve,2016-12-12
erp.e0199,ERP:gl_reporting,2016-12-12
erp.e0199,ERP:payment_approve,2016-12-12
erp.e0199,ERP:ap_invoice_approve,2016-12-12
ad.e0200,AD:user,2015-03-06
erp.e0200,ERP:gl_journal_approve,2015-03-07
erp.e0200,ERP:gl_reporting,2015-03-07
erp.e0200,ERP:payment_approve,2015-03-07
erp.e0200,ERP:ap_invoice_approve,2015-03-07
ad.e0201,AD:user,2014-07-15
erp.e0201,ERP:gl_journal_approve,2014-07-15
erp.e0201,ERP:gl_reporting,2014-07-15
erp.e0201,ERP:payment_approve,2014-07-15
erp.e0201,ERP:ap_invoice_approve,2014-07-15
ad.e0202,AD:user,2020-04-15
erp.e0202,ERP:gl_journal_approve,2020-04-14
erp.e0202,ERP:gl_reporting,2020-04-14
erp.e0202,ERP:payment_approve,2020-04-14
erp.e0202,ERP:ap_invoice_approve,2020-04-14
ad.e0203,AD:user,2024-11-10
erp.e0203,ERP:gl_journal_approve,2024-11-10
erp.e0203,ERP:gl_reporting,2024-11-10
erp.e0203,ERP:payment_approve,2024-11-10
erp.e0203,ERP:ap_invoice_approve,2024-11-10
ad.e0204,AD:user,2013-12-19
erp.e0204,ERP:gl_reporting,2013-12-21
payroll.e0204,PAYROLL:payroll_view,2013-12-21
ad.e0205,AD:user,2023-06-05
erp.e0205,ERP:gl_reporting,2023-06-07
payroll.e0205,PAYROLL:payroll_view,2023-06-07
ad.e0206,AD:user,2024-08-14
erp.e0206,ERP:gl_journal_approve,2025-10-24
erp.e0206,ERP:gl_reporting,2024-08-14
erp.e0206,ERP:payment_approve,2025-10-24
erp.e0206,ERP:ap_invoice_approve,2025-10-24
ad.e0207,AD:user,2023-12-08
erp.e0207,ERP:gl_reporting,2023-12-07
payroll.e0207,PAYROLL:payroll_view,2023-12-06
ad.e0208,AD:user,2012-01-22
erp.e0208,ERP:gl_reporting,2012-01-24
payroll.e0208,PAYROLL:payroll_view,2012-01-23
ad.e0209,AD:user,2023-03-31
erp.e0209,ERP:gl_reporting,2023-03-30
payroll.e0209,PAYROLL:payroll_view,2023-03-29
ad.e0210,AD:user,2012-04-18
erp.e0210,ERP:gl_reporting,2012-04-18
payroll.e0210,PAYROLL:payroll_view,2012-04-19
ad.e0211,AD:user,2024-05-23
erp.e0211,ERP:po_create,2024-05-25
erp.e0211,ERP:vendor_view,2024-05-25
ad.e0212,AD:user,2025-06-05
erp.e0212,ERP:po_create,2025-06-04
erp.e0212,ERP:vendor_view,2025-06-04
ad.e0213,AD:user,2017-06-11
erp.e0213,ERP:po_create,2017-06-11
erp.e0213,ERP:vendor_view,2017-06-11
ad.e0214,AD:user,2014-12-06
erp.e0214,ERP:po_create,2014-12-06
erp.e0214,ERP:vendor_view,2014-12-06
ad.e0215,AD:user,2025-11-08
erp.e0215,ERP:po_create,2025-11-08
erp.e0215,ERP:vendor_view,2025-11-08
ad.e0216,AD:user,2022-04-03
erp.e0216,ERP:po_create,2022-04-02
erp.e0216,ERP:vendor_view,2022-04-02
ad.e0217,AD:user,2013-11-24
erp.e0217,ERP:po_create,2013-11-24
erp.e0217,ERP:vendor_view,2013-11-24
ad.e0218,AD:user,2024-11-11
erp.e0218,ERP:po_create,2024-11-11
erp.e0218,ERP:vendor_view,2024-11-11
ad.e0219,AD:user,2015-11-12
erp.e0219,ERP:po_create,2015-11-11
erp.e0219,ERP:vendor_view,2015-11-11
ad.e0220,AD:user,2022-11-25
erp.e0220,ERP:po_create,2022-11-25
erp.e0220,ERP:vendor_view,2022-11-25
ad.e0221,AD:user,2018-02-09
erp.e0221,ERP:po_create,2018-02-11
erp.e0221,ERP:vendor_view,2018-02-11
ad.e0222,AD:user,2017-08-14
erp.e0222,ERP:po_create,2017-08-15
erp.e0222,ERP:vendor_view,2017-08-15
ad.e0223,AD:user,2019-06-18
erp.e0223,ERP:po_create,2019-06-17
erp.e0223,ERP:vendor_view,2019-06-17
ad.e0224,AD:user,2024-12-08
erp.e0224,ERP:po_create,2024-12-08
erp.e0224,ERP:vendor_view,2024-12-08
ad.e0225,AD:user,2021-02-20
erp.e0225,ERP:po_create,2021-02-21
erp.e0225,ERP:vendor_view,2021-02-21
ad.e0226,AD:user,2020-04-07
erp.e0226,ERP:po_create,2020-04-08
erp.e0226,ERP:vendor_view,2020-04-08
ad.e0227,AD:user,2013-10-03
erp.e0227,ERP:po_create,2013-10-04
erp.e0227,ERP:vendor_view,2013-10-04
ad.e0228,AD:user,2015-11-19
erp.e0228,ERP:po_create,2015-11-20
erp.e0228,ERP:vendor_view,2015-11-20
ad.e0229,AD:user,2017-06-25
erp.e0229,ERP:po_create,2017-06-25
erp.e0229,ERP:vendor_view,2017-06-25
ad.e0230,AD:user,2019-12-18
erp.e0230,ERP:po_create,2019-12-16
erp.e0230,ERP:vendor_view,2019-12-16
ad.e0231,AD:user,2016-11-10
erp.e0231,ERP:po_create,2016-11-09
erp.e0231,ERP:vendor_view,2016-11-09
ad.e0232,AD:user,2014-05-13
erp.e0232,ERP:po_create,2014-05-15
erp.e0232,ERP:vendor_view,2014-05-15
ad.e0233,AD:user,2021-10-08
erp.e0233,ERP:po_create,2021-10-08
erp.e0233,ERP:vendor_view,2021-10-08
ad.e0234,AD:user,2013-11-13
erp.e0234,ERP:po_create,2013-11-12
erp.e0234,ERP:vendor_view,2013-11-12
ad.e0235,AD:user,2019-12-12
erp.e0235,ERP:vendor_create,2025-12-14
erp.e0235,ERP:vendor_view,2019-12-14
ad.e0236,AD:user,2021-06-09
erp.e0236,ERP:po_create,2021-06-09
erp.e0236,ERP:vendor_view,2021-06-09
ad.e0237,AD:user,2013-12-19
erp.e0237,ERP:po_create,2013-12-18
erp.e0237,ERP:vendor_view,2013-12-18
ad.e0238,AD:user,2014-07-17
erp.e0238,ERP:po_create,2014-07-17
erp.e0238,ERP:vendor_view,2014-07-17
ad.e0239,AD:user,2023-02-18
erp.e0239,ERP:po_create,2023-02-19
erp.e0239,ERP:vendor_view,2023-02-19
ad.e0240,AD:user,2015-06-01
erp.e0240,ERP:po_create,2015-06-01
erp.e0240,ERP:vendor_view,2015-06-01
ad.e0241,AD:user,2014-05-20
erp.e0241,ERP:po_create,2014-05-21
erp.e0241,ERP:vendor_view,2014-05-21
ad.e0242,AD:user,2016-11-13
erp.e0242,ERP:po_create,2016-11-13
erp.e0242,ERP:vendor_view,2016-11-13
ad.e0243,AD:user,2023-08-03
erp.e0243,ERP:po_create,2023-08-02
erp.e0243,ERP:vendor_view,2023-08-02
ad.e0244,AD:user,2024-11-29
erp.e0244,ERP:po_create,2024-11-29
erp.e0244,ERP:vendor_view,2024-11-29
ad.e0245,AD:user,2017-01-20
erp.e0245,ERP:po_create,2017-01-19
erp.e0245,ERP:vendor_view,2017-01-19
ad.e0246,AD:user,2018-01-11
erp.e0246,ERP:po_create,2018-01-12
erp.e0246,ERP:vendor_view,2018-01-12
ad.e0247,AD:user,2022-07-03
erp.e0247,ERP:po_create,2022-07-02
erp.e0247,ERP:vendor_view,2022-07-02
ad.e0248,AD:user,2016-07-02
erp.e0248,ERP:po_create,2016-07-03
erp.e0248,ERP:vendor_view,2016-07-03
ad.e0249,AD:user,2024-11-24
erp.e0249,ERP:po_create,2024-11-23
erp.e0249,ERP:vendor_view,2024-11-23
ad.e0250,AD:user,2017-09-07
erp.e0250,ERP:po_create,2017-09-07
erp.e0250,ERP:vendor_view,2017-09-07
ad.e0251,AD:user,2016-04-29
erp.e0251,ERP:po_create,2016-04-30
erp.e0251,ERP:vendor_view,2016-04-30
ad.e0252,AD:user,2018-11-04
erp.e0252,ERP:po_create,2018-11-06
erp.e0252,ERP:vendor_view,2018-11-06
ad.e0253,AD:user,2020-11-25
erp.e0253,ERP:po_create,2020-11-23
erp.e0253,ERP:vendor_view,2020-11-23
ad.e0254,AD:user,2023-11-10
erp.e0254,ERP:po_create,2023-11-12
erp.e0254,ERP:vendor_view,2023-11-12
ad.e0255,AD:user,2013-04-09
erp.e0255,ERP:po_create,2013-04-10
erp.e0255,ERP:vendor_view,2013-04-10
ad.e0256,AD:user,2024-11-23
erp.e0256,ERP:po_create,2024-11-22
erp.e0256,ERP:vendor_view,2024-11-22
ad.e0257,AD:user,2020-10-14
erp.e0257,ERP:po_create,2020-10-15
erp.e0257,ERP:vendor_view,2020-10-15
ad.e0258,AD:user,2012-05-25
erp.e0258,ERP:po_create,2012-05-27
erp.e0258,ERP:vendor_view,2012-05-27
ad.e0259,AD:user,2020-06-25
erp.e0259,ERP:po_create,2020-06-23
erp.e0259,ERP:vendor_view,2020-06-23
ad.e0260,AD:user,2023-04-16
erp.e0260,ERP:po_create,2023-04-17
erp.e0260,ERP:vendor_view,2023-04-17
ad.e0261,AD:user,2018-04-20
erp.e0261,ERP:po_create,2018-04-19
erp.e0261,ERP:vendor_view,2018-04-19
ad.e0262,AD:user,2024-04-27
erp.e0262,ERP:po_create,2024-04-25
erp.e0262,ERP:vendor_view,2024-04-25
ad.e0263,AD:user,2022-04-10
erp.e0263,ERP:po_create,2022-04-11
erp.e0263,ERP:vendor_view,2022-04-11
ad.e0264,AD:user,2012-06-26
erp.e0264,ERP:po_create,2012-06-28
erp.e0264,ERP:vendor_view,2012-06-28
ad.e0265,AD:user,2014-07-16
erp.e0265,ERP:po_create,2014-07-18
erp.e0265,ERP:vendor_view,2014-07-18
ad.e0266,AD:user,2022-06-13
erp.e0266,ERP:po_create,2022-06-12
erp.e0266,ERP:vendor_view,2022-06-12
ad.e0267,AD:user,2015-07-22
erp.e0267,ERP:po_approve,2015-07-21
erp.e0267,ERP:vendor_create,2015-07-21
erp.e0267,ERP:vendor_view,2015-07-21
ad.e0268,AD:user,2016-08-27
erp.e0268,ERP:po_approve,2016-08-26
erp.e0268,ERP:vendor_create,2016-08-26
erp.e0268,ERP:vendor_view,2016-08-26
ad.e0269,AD:user,2022-03-28
erp.e0269,ERP:po_approve,2022-03-29
erp.e0269,ERP:vendor_create,2022-03-29
erp.e0269,ERP:vendor_view,2022-03-29
ad.e0270,AD:user,2013-07-21
erp.e0270,ERP:po_approve,2013-07-23
erp.e0270,ERP:vendor_create,2013-07-23
erp.e0270,ERP:vendor_view,2013-07-23
ad.e0271,AD:user,2023-10-01
erp.e0271,ERP:po_approve,2023-09-29
erp.e0271,ERP:vendor_create,2023-09-29
erp.e0271,ERP:vendor_view,2023-09-29
ad.e0272,AD:user,2025-07-11
erp.e0272,ERP:vendor_create,2025-07-11
erp.e0272,ERP:vendor_view,2025-07-11
ad.e0273,AD:user,2016-10-25
erp.e0273,ERP:po_approve,2016-10-24
erp.e0273,ERP:vendor_create,2016-10-24
erp.e0273,ERP:vendor_view,2016-10-24
ad.e0274,AD:user,2014-05-18
erp.e0274,ERP:po_approve,2014-05-19
erp.e0274,ERP:vendor_create,2014-05-19
erp.e0274,ERP:vendor_view,2014-05-19
ad.e0275,AD:user,2026-02-12
erp.e0275,ERP:po_approve,2026-02-12
erp.e0275,ERP:vendor_create,2026-02-12
erp.e0275,ERP:vendor_view,2026-02-12
ad.e0276,AD:user,2015-08-06
erp.e0276,ERP:po_approve,2015-08-07
erp.e0276,ERP:vendor_create,2015-08-07
erp.e0276,ERP:vendor_view,2015-08-07
ad.e0277,AD:user,2019-12-28
erp.e0277,ERP:po_approve,2019-12-28
erp.e0277,ERP:vendor_create,2019-12-28
erp.e0277,ERP:vendor_view,2019-12-28
ad.e0278,AD:user,2020-08-01
erp.e0278,ERP:vendor_create,2020-07-31
erp.e0278,ERP:vendor_view,2020-07-31
ad.e0279,AD:user,2014-09-13
erp.e0279,ERP:po_approve,2014-09-14
erp.e0279,ERP:vendor_create,2014-09-14
erp.e0279,ERP:vendor_view,2014-09-14
ad.e0280,AD:user,2024-01-26
erp.e0280,ERP:po_approve,2024-01-25
erp.e0280,ERP:vendor_create,2024-01-25
erp.e0280,ERP:vendor_view,2024-01-25
ad.e0281,AD:user,2020-10-28
erp.e0281,ERP:vendor_create,2020-10-30
erp.e0281,ERP:vendor_view,2020-10-30
ad.e0282,AD:user,2016-08-09
erp.e0282,ERP:vendor_create,2016-08-08
erp.e0282,ERP:vendor_view,2016-08-08
ad.e0283,AD:user,2019-09-16
erp.e0283,ERP:vendor_create,2019-09-18
erp.e0283,ERP:vendor_view,2019-09-18
ad.e0284,AD:user,2015-04-10
erp.e0284,ERP:vendor_create,2015-04-09
erp.e0284,ERP:vendor_view,2015-04-09
ad.e0285,AD:user,2016-11-12
erp.e0285,ERP:vendor_create,2016-11-10
erp.e0285,ERP:vendor_view,2016-11-10
ad.e0286,AD:user,2018-01-28
erp.e0286,ERP:vendor_create,2018-01-26
erp.e0286,ERP:vendor_view,2018-01-26
ad.e0287,AD:user,2022-03-24
erp.e0287,ERP:vendor_create,2022-03-23
erp.e0287,ERP:vendor_view,2022-03-23
ad.e0288,AD:user,2026-01-23
erp.e0288,ERP:vendor_create,2026-01-23
erp.e0288,ERP:vendor_view,2026-01-23
ad.e0289,AD:user,2016-07-19
erp.e0289,ERP:vendor_create,2016-07-19
erp.e0289,ERP:vendor_view,2016-07-19
ad.e0290,AD:user,2016-03-07
erp.e0290,ERP:vendor_create,2016-03-09
erp.e0290,ERP:vendor_view,2016-03-09
ad.e0291,AD:user,2025-08-06
erp.e0291,ERP:vendor_create,2025-08-05
erp.e0291,ERP:vendor_view,2025-08-05
ad.e0292,AD:user,2013-04-24
erp.e0292,ERP:vendor_create,2013-04-23
erp.e0292,ERP:vendor_view,2013-04-23
ad.e0293,AD:user,2025-12-04
erp.e0293,ERP:vendor_create,2025-12-02
erp.e0293,ERP:vendor_view,2025-12-02
ad.e0294,AD:user,2012-12-25
erp.e0294,ERP:vendor_create,2012-12-23
erp.e0294,ERP:vendor_view,2012-12-23
ad.e0295,AD:user,2024-12-19
hris.e0295,HRIS:employee_edit,2024-12-17
hris.e0295,HRIS:employee_view,2024-12-17
ad.e0296,AD:user,2019-04-05
hris.e0296,HRIS:employee_edit,2019-04-03
hris.e0296,HRIS:employee_view,2019-04-03
ad.e0297,AD:user,2014-04-24
hris.e0297,HRIS:employee_edit,2014-04-24
hris.e0297,HRIS:employee_view,2014-04-24
ad.e0298,AD:user,2016-09-22
hris.e0298,HRIS:employee_edit,2016-09-22
hris.e0298,HRIS:employee_view,2016-09-22
ad.e0299,AD:user,2025-02-21
hris.e0299,HRIS:employee_edit,2025-02-20
hris.e0299,HRIS:employee_view,2025-02-20
ad.e0300,AD:user,2012-03-08
hris.e0300,HRIS:employee_edit,2012-03-09
hris.e0300,HRIS:employee_view,2012-03-09
ad.e0301,AD:user,2019-05-10
hris.e0301,HRIS:employee_edit,2019-05-09
hris.e0301,HRIS:employee_view,2019-05-09
ad.e0302,AD:user,2012-11-02
hris.e0302,HRIS:employee_edit,2012-11-02
hris.e0302,HRIS:employee_view,2012-11-02
ad.e0303,AD:user,2020-04-20
hris.e0303,HRIS:employee_edit,2020-04-20
hris.e0303,HRIS:employee_view,2020-04-20
ad.e0304,AD:user,2018-04-28
hris.e0304,HRIS:employee_edit,2018-04-30
hris.e0304,HRIS:employee_view,2018-04-30
ad.e0305,AD:user,2017-07-14
hris.e0305,HRIS:employee_edit,2017-07-15
hris.e0305,HRIS:employee_view,2017-07-15
ad.e0306,AD:user,2014-02-23
hris.e0306,HRIS:employee_edit,2014-02-22
hris.e0306,HRIS:employee_view,2014-02-22
ad.e0307,AD:user,2012-06-22
hris.e0307,HRIS:employee_edit,2012-06-22
hris.e0307,HRIS:employee_view,2012-06-22
ad.e0308,AD:user,2016-11-01
hris.e0308,HRIS:employee_edit,2016-11-03
hris.e0308,HRIS:employee_view,2016-11-03
ad.e0309,AD:user,2020-02-04
hris.e0309,HRIS:employee_edit,2020-02-04
hris.e0309,HRIS:employee_view,2020-02-04
ad.e0310,AD:user,2017-11-22
hris.e0310,HRIS:employee_edit,2017-11-23
hris.e0310,HRIS:employee_view,2017-11-23
ad.e0311,AD:user,2016-07-16
hris.e0311,HRIS:employee_edit,2016-07-16
hris.e0311,HRIS:employee_view,2016-07-16
ad.e0312,AD:user,2026-05-03
hris.e0312,HRIS:employee_edit,2026-05-03
hris.e0312,HRIS:employee_view,2026-05-03
ad.e0313,AD:user,2024-04-22
hris.e0313,HRIS:employee_view,2024-04-20
payroll.e0313,PAYROLL:payroll_run,2026-03-12
payroll.e0313,PAYROLL:payroll_view,2026-03-12
ad.e0314,AD:user,2026-04-05
hris.e0314,HRIS:employee_edit,2026-04-05
hris.e0314,HRIS:employee_view,2026-04-05
ad.e0315,AD:user,2022-09-07
hris.e0315,HRIS:employee_edit,2022-09-08
hris.e0315,HRIS:employee_view,2022-09-08
ad.e0316,AD:user,2019-12-03
hris.e0316,HRIS:employee_edit,2019-12-02
hris.e0316,HRIS:employee_view,2019-12-02
ad.e0317,AD:user,2019-04-10
hris.e0317,HRIS:employee_edit,2019-04-09
hris.e0317,HRIS:employee_view,2019-04-09
ad.e0318,AD:user,2022-09-06
hris.e0318,HRIS:employee_edit,2022-09-04
hris.e0318,HRIS:employee_view,2022-09-04
ad.e0319,AD:user,2022-10-18
hris.e0319,HRIS:employee_edit,2022-10-18
hris.e0319,HRIS:employee_view,2022-10-18
ad.e0320,AD:user,2019-09-22
hris.e0320,HRIS:employee_edit,2019-09-22
hris.e0320,HRIS:employee_view,2019-09-22
ad.e0321,AD:user,2012-10-11
hris.e0321,HRIS:employee_edit,2012-10-11
hris.e0321,HRIS:employee_view,2012-10-11
ad.e0322,AD:user,2014-08-24
hris.e0322,HRIS:employee_edit,2014-08-25
hris.e0322,HRIS:employee_view,2014-08-25
ad.e0323,AD:user,2019-03-31
hris.e0323,HRIS:employee_edit,2019-03-30
hris.e0323,HRIS:employee_view,2019-03-30
ad.e0324,AD:user,2022-01-17
hris.e0324,HRIS:employee_edit,2022-01-19
hris.e0324,HRIS:employee_view,2022-01-19
ad.e0325,AD:user,2017-08-13
hris.e0325,HRIS:employee_edit,2017-08-13
hris.e0325,HRIS:employee_view,2017-08-13
ad.e0326,AD:user,2017-03-08
hris.e0326,HRIS:employee_edit,2017-03-08
hris.e0326,HRIS:employee_view,2017-03-08
ad.e0327,AD:user,2014-12-29
hris.e0327,HRIS:employee_edit,2014-12-29
hris.e0327,HRIS:employee_view,2014-12-29
ad.e0328,AD:user,2021-10-10
hris.e0328,HRIS:employee_edit,2021-10-09
hris.e0328,HRIS:employee_view,2021-10-09
ad.e0329,AD:user,2019-10-21
hris.e0329,HRIS:employee_edit,2019-10-19
hris.e0329,HRIS:employee_view,2019-10-19
ad.e0330,AD:user,2018-09-18
hris.e0330,HRIS:employee_edit,2018-09-17
hris.e0330,HRIS:employee_view,2018-09-17
ad.e0331,AD:user,2022-06-07
hris.e0331,HRIS:employee_edit,2022-06-07
hris.e0331,HRIS:employee_view,2022-06-07
ad.e0332,AD:user,2015-08-13
hris.e0332,HRIS:employee_edit,2015-08-14
hris.e0332,HRIS:employee_view,2015-08-14
ad.e0333,AD:user,2024-01-07
hris.e0333,HRIS:employee_edit,2024-01-07
hris.e0333,HRIS:employee_view,2024-01-07
ad.e0334,AD:user,2015-09-23
hris.e0334,HRIS:employee_edit,2015-09-23
hris.e0334,HRIS:employee_view,2015-09-23
hris.e0334,HRIS:position_approve,2026-02-22
payroll.e0334,PAYROLL:payroll_view,2026-02-22
ad.e0335,AD:user,2023-01-24
hris.e0335,HRIS:employee_edit,2023-01-24
hris.e0335,HRIS:employee_view,2023-01-24
ad.e0336,AD:user,2012-01-18
hris.e0336,HRIS:employee_edit,2012-01-18
hris.e0336,HRIS:employee_view,2012-01-18
ad.e0337,AD:user,2012-06-06
hris.e0337,HRIS:employee_edit,2012-06-08
hris.e0337,HRIS:employee_view,2012-06-08
hris.e0337,HRIS:position_approve,2012-06-08
payroll.e0337,PAYROLL:payroll_view,2012-06-06
ad.e0338,AD:user,2012-03-27
hris.e0338,HRIS:employee_edit,2012-03-25
hris.e0338,HRIS:employee_view,2012-03-25
hris.e0338,HRIS:position_approve,2012-03-25
payroll.e0338,PAYROLL:payroll_view,2012-03-27
ad.e0339,AD:user,2022-01-27
hris.e0339,HRIS:employee_edit,2022-01-26
hris.e0339,HRIS:employee_view,2022-01-26
hris.e0339,HRIS:position_approve,2022-01-26
payroll.e0339,PAYROLL:payroll_view,2022-01-27
ad.e0340,AD:user,2015-09-28
hris.e0340,HRIS:employee_edit,2015-09-28
hris.e0340,HRIS:employee_view,2015-09-28
hris.e0340,HRIS:position_approve,2015-09-28
payroll.e0340,PAYROLL:payroll_view,2015-09-26
ad.e0341,AD:user,2018-07-08
hris.e0341,HRIS:employee_edit,2018-07-07
hris.e0341,HRIS:employee_view,2018-07-07
hris.e0341,HRIS:position_approve,2018-07-07
payroll.e0341,PAYROLL:payroll_view,2018-07-08
ad.e0342,AD:user,2026-02-10
hris.e0342,HRIS:employee_edit,2026-02-09
hris.e0342,HRIS:employee_view,2026-02-09
hris.e0342,HRIS:position_approve,2026-02-09
payroll.e0342,PAYROLL:payroll_view,2026-02-10
ad.e0343,AD:user,2016-09-06
hris.e0343,HRIS:employee_edit,2016-09-05
hris.e0343,HRIS:employee_view,2016-09-05
hris.e0343,HRIS:position_approve,2016-09-05
payroll.e0343,PAYROLL:payroll_view,2016-09-05
ad.e0344,AD:user,2020-04-18
hris.e0344,HRIS:employee_edit,2020-04-18
hris.e0344,HRIS:employee_view,2020-04-18
hris.e0344,HRIS:position_approve,2020-04-18
payroll.e0344,PAYROLL:payroll_view,2020-04-16
ad.e0345,AD:user,2014-09-30
hris.e0345,HRIS:employee_edit,2014-10-01
hris.e0345,HRIS:employee_view,2014-10-01
hris.e0345,HRIS:position_approve,2014-10-01
payroll.e0345,PAYROLL:payroll_view,2014-10-01
ad.e0346,AD:user,2018-06-19
hris.e0346,HRIS:employee_edit,2018-06-19
hris.e0346,HRIS:employee_view,2018-06-19
hris.e0346,HRIS:position_approve,2018-06-19
payroll.e0346,PAYROLL:payroll_view,2018-06-19
ad.e0347,AD:user,2018-03-10
hris.e0347,HRIS:employee_edit,2018-03-10
hris.e0347,HRIS:employee_view,2018-03-10
hris.e0347,HRIS:position_approve,2018-03-10
payroll.e0347,PAYROLL:payroll_view,2018-03-10
ad.e0348,AD:user,2024-02-14
hris.e0348,HRIS:employee_edit,2024-02-14
hris.e0348,HRIS:employee_view,2024-02-14
hris.e0348,HRIS:position_approve,2024-02-14
payroll.e0348,PAYROLL:payroll_view,2024-02-13
ad.e0349,AD:user,2023-10-05
hris.e0349,HRIS:employee_edit,2023-10-07
hris.e0349,HRIS:employee_view,2023-10-07
hris.e0349,HRIS:position_approve,2023-10-07
payroll.e0349,PAYROLL:payroll_view,2023-10-05
ad.e0350,AD:user,2013-11-12
hris.e0350,HRIS:employee_edit,2013-11-13
hris.e0350,HRIS:employee_view,2013-11-13
hris.e0350,HRIS:position_approve,2013-11-13
payroll.e0350,PAYROLL:payroll_view,2013-11-13
ad.e0351,AD:user,2017-08-12
hris.e0351,HRIS:employee_view,2017-08-11
payroll.e0351,PAYROLL:payroll_run,2017-08-11
payroll.e0351,PAYROLL:payroll_view,2017-08-11
ad.e0352,AD:user,2015-10-06
hris.e0352,HRIS:employee_view,2015-10-07
payroll.e0352,PAYROLL:payroll_run,2015-10-08
payroll.e0352,PAYROLL:payroll_view,2015-10-08
ad.e0353,AD:user,2018-03-12
hris.e0353,HRIS:employee_view,2018-03-10
payroll.e0353,PAYROLL:payroll_run,2018-03-10
payroll.e0353,PAYROLL:payroll_view,2018-03-10
ad.e0354,AD:user,2021-01-04
hris.e0354,HRIS:employee_view,2021-01-05
payroll.e0354,PAYROLL:payroll_run,2021-01-05
payroll.e0354,PAYROLL:payroll_view,2021-01-05
ad.e0355,AD:user,2012-11-23
hris.e0355,HRIS:employee_view,2012-11-21
payroll.e0355,PAYROLL:payroll_run,2012-11-22
payroll.e0355,PAYROLL:payroll_view,2012-11-22
ad.e0356,AD:user,2026-02-08
hris.e0356,HRIS:employee_view,2026-02-06
payroll.e0356,PAYROLL:payroll_run,2026-02-07
payroll.e0356,PAYROLL:payroll_view,2026-02-07
ad.e0357,AD:user,2024-10-15
hris.e0357,HRIS:employee_view,2024-10-15
payroll.e0357,PAYROLL:payroll_run,2024-10-16
payroll.e0357,PAYROLL:payroll_view,2024-10-16
ad.e0358,AD:user,2022-07-14
hris.e0358,HRIS:employee_view,2022-07-13
payroll.e0358,PAYROLL:payroll_run,2022-07-12
payroll.e0358,PAYROLL:payroll_view,2022-07-12
ad.e0359,AD:user,2023-09-08
hris.e0359,HRIS:employee_view,2023-09-08
payroll.e0359,PAYROLL:payroll_run,2023-09-08
payroll.e0359,PAYROLL:payroll_view,2023-09-08
ad.e0360,AD:user,2014-09-06
hris.e0360,HRIS:employee_view,2014-09-06
payroll.e0360,PAYROLL:payroll_run,2014-09-07
payroll.e0360,PAYROLL:payroll_view,2014-09-07
ad.e0361,AD:user,2022-01-05
hris.e0361,HRIS:employee_view,2022-01-07
payroll.e0361,PAYROLL:payroll_run,2022-01-06
payroll.e0361,PAYROLL:payroll_view,2022-01-06
ad.e0362,AD:user,2024-01-01
hris.e0362,HRIS:employee_view,2023-12-30
payroll.e0362,PAYROLL:payroll_run,2024-01-01
payroll.e0362,PAYROLL:payroll_view,2024-01-01
ad.e0363,AD:user,2016-12-09
hris.e0363,HRIS:employee_view,2016-12-09
payroll.e0363,PAYROLL:payroll_run,2016-12-11
payroll.e0363,PAYROLL:payroll_view,2016-12-11
ad.e0364,AD:user,2015-01-28
hris.e0364,HRIS:employee_view,2015-01-29
payroll.e0364,PAYROLL:payroll_run,2015-01-29
payroll.e0364,PAYROLL:payroll_view,2015-01-29
ad.e0365,AD:user,2020-04-06
hris.e0365,HRIS:employee_view,2020-04-06
payroll.e0365,PAYROLL:payroll_run,2020-04-05
payroll.e0365,PAYROLL:payroll_view,2020-04-05
ad.e0366,AD:user,2020-11-10
hris.e0366,HRIS:employee_view,2020-11-10
payroll.e0366,PAYROLL:payroll_run,2020-11-10
payroll.e0366,PAYROLL:payroll_view,2020-11-10
ad.e0367,AD:user,2018-01-09
hris.e0367,HRIS:employee_view,2018-01-09
payroll.e0367,PAYROLL:payroll_run,2018-01-08
payroll.e0367,PAYROLL:payroll_view,2018-01-08
ad.e0368,AD:user,2022-06-24
hris.e0368,HRIS:employee_view,2022-06-23
payroll.e0368,PAYROLL:payroll_run,2022-06-24
payroll.e0368,PAYROLL:payroll_view,2022-06-24
ad.e0369,AD:user,2025-09-02
hris.e0369,HRIS:employee_view,2025-09-02
payroll.e0369,PAYROLL:payroll_run,2025-09-04
payroll.e0369,PAYROLL:payroll_view,2025-09-04
ad.e0370,AD:user,2022-07-11
hris.e0370,HRIS:employee_view,2022-07-12
payroll.e0370,PAYROLL:payroll_run,2022-07-11
payroll.e0370,PAYROLL:payroll_view,2022-07-11
ad.e0371,AD:user,2013-01-24
hris.e0371,HRIS:employee_view,2013-01-24
payroll.e0371,PAYROLL:payroll_run,2013-01-26
payroll.e0371,PAYROLL:payroll_view,2013-01-26
ad.e0372,AD:user,2024-03-11
hris.e0372,HRIS:employee_view,2024-03-09
payroll.e0372,PAYROLL:payroll_approve,2024-03-09
payroll.e0372,PAYROLL:bank_file_release,2024-03-09
payroll.e0372,PAYROLL:payroll_view,2024-03-09
ad.e0373,AD:user,2025-11-19
hris.e0373,HRIS:employee_view,2025-11-19
payroll.e0373,PAYROLL:payroll_approve,2025-11-19
payroll.e0373,PAYROLL:bank_file_release,2025-11-19
payroll.e0373,PAYROLL:payroll_view,2025-11-19
ad.e0374,AD:user,2013-02-09
hris.e0374,HRIS:employee_view,2013-02-09
payroll.e0374,PAYROLL:payroll_approve,2013-02-09
payroll.e0374,PAYROLL:bank_file_release,2013-02-09
payroll.e0374,PAYROLL:payroll_view,2013-02-09
ad.e0375,AD:user,2022-10-07
hris.e0375,HRIS:employee_view,2022-10-06
payroll.e0375,PAYROLL:payroll_approve,2022-10-05
payroll.e0375,PAYROLL:bank_file_release,2022-10-05
payroll.e0375,PAYROLL:payroll_view,2022-10-05
ad.e0376,AD:user,2012-08-28
hris.e0376,HRIS:employee_view,2012-08-30
payroll.e0376,PAYROLL:payroll_approve,2012-08-28
payroll.e0376,PAYROLL:bank_file_release,2012-08-28
payroll.e0376,PAYROLL:payroll_view,2012-08-28
ad.e0377,AD:user,2025-10-26
hris.e0377,HRIS:employee_view,2025-10-24
payroll.e0377,PAYROLL:payroll_approve,2025-10-24
payroll.e0377,PAYROLL:bank_file_release,2025-10-24
payroll.e0377,PAYROLL:payroll_view,2025-10-24
ad.e0378,AD:user,2018-12-12
hris.e0378,HRIS:employee_view,2018-12-12
payroll.e0378,PAYROLL:payroll_approve,2018-12-12
payroll.e0378,PAYROLL:bank_file_release,2018-12-12
payroll.e0378,PAYROLL:payroll_view,2018-12-12
ad.e0379,AD:user,2015-06-08
ad.e0379,AD:helpdesk,2015-06-08
ad.e0380,AD:user,2020-01-24
ad.e0380,AD:helpdesk,2020-01-24
ad.e0381,AD:user,2018-09-26
ad.e0381,AD:helpdesk,2018-09-26
ad.e0382,AD:user,2020-03-12
ad.e0382,AD:helpdesk,2020-03-12
ad.e0383,AD:user,2016-09-05
ad.e0383,AD:helpdesk,2016-09-05
ad.e0384,AD:user,2016-04-16
ad.e0384,AD:helpdesk,2016-04-16
ad.e0385,AD:user,2020-01-07
ad.e0385,AD:helpdesk,2020-01-07
ad.e0386,AD:user,2021-02-07
ad.e0386,AD:helpdesk,2021-02-07
ad.e0387,AD:user,2017-05-10
ad.e0387,AD:helpdesk,2017-05-10
ad.e0388,AD:user,2018-05-09
ad.e0388,AD:helpdesk,2018-05-09
ad.e0389,AD:user,2020-09-21
ad.e0389,AD:helpdesk,2020-09-21
ad.e0390,AD:user,2023-12-10
ad.e0390,AD:helpdesk,2023-12-10
ad.e0391,AD:user,2022-06-15
ad.e0391,AD:helpdesk,2022-06-15
ad.e0392,AD:user,2014-12-13
ad.e0392,AD:helpdesk,2014-12-13
ad.e0393,AD:user,2019-08-28
ad.e0393,AD:helpdesk,2019-08-28
ad.e0394,AD:user,2022-07-23
ad.e0394,AD:helpdesk,2022-07-23
ad.e0395,AD:user,2021-01-17
ad.e0395,AD:helpdesk,2021-01-17
ad.e0396,AD:user,2012-05-04
ad.e0396,AD:helpdesk,2012-05-04
ad.e0397,AD:user,2015-08-21
ad.e0397,AD:helpdesk,2015-08-21
ad.e0398,AD:user,2013-10-27
ad.e0398,AD:helpdesk,2013-10-27
ad.e0399,AD:user,2016-05-29
ad.e0399,AD:helpdesk,2016-05-29
ad.e0400,AD:user,2014-07-22
ad.e0400,AD:helpdesk,2014-07-22
ad.e0401,AD:user,2020-03-01
ad.e0401,AD:helpdesk,2020-03-01
ad.e0402,AD:user,2016-05-14
ad.e0402,AD:helpdesk,2016-05-14
ad.e0403,AD:user,2016-04-04
ad.e0403,AD:helpdesk,2016-04-04
ad.e0404,AD:user,2014-07-14
ad.e0404,AD:helpdesk,2014-07-14
ad.e0405,AD:user,2012-05-04
ad.e0405,AD:helpdesk,2012-05-04
ad.e0406,AD:user,2012-03-12
ad.e0406,AD:helpdesk,2012-03-12
ad.e0407,AD:user,2025-05-14
ad.e0407,AD:helpdesk,2025-05-14
ad.e0408,AD:user,2020-11-27
ad.e0408,AD:helpdesk,2020-11-27
ad.e0409,AD:user,2025-08-12
ad.e0409,AD:helpdesk,2025-08-12
ad.e0410,AD:user,2025-06-28
ad.e0410,AD:helpdesk,2025-06-28
ad.e0411,AD:user,2020-12-10
ad.e0411,AD:helpdesk,2020-12-10
ad.e0412,AD:user,2020-01-04
ad.e0412,AD:helpdesk,2020-01-04
ad.e0413,AD:user,2020-11-28
ad.e0413,AD:helpdesk,2020-11-28
ad.e0414,AD:user,2022-06-09
ad.e0414,AD:helpdesk,2022-06-09
ad.e0415,AD:user,2025-12-29
ad.e0415,AD:helpdesk,2025-12-29
ad.e0416,AD:user,2015-11-07
ad.e0416,AD:helpdesk,2015-11-07
ad.e0417,AD:user,2016-08-28
ad.e0417,AD:helpdesk,2016-08-28
ad.e0418,AD:user,2018-06-16
ad.e0418,AD:helpdesk,2018-06-16
ad.e0419,AD:user,2020-10-02
ad.e0419,AD:helpdesk,2020-10-02
ad.e0420,AD:user,2015-02-20
ad.e0420,AD:helpdesk,2015-02-20
ad.e0421,AD:user,2025-11-08
ad.e0421,AD:helpdesk,2025-11-08
ad.e0422,AD:user,2025-09-07
ad.e0422,AD:helpdesk,2025-09-07
ad.e0423,AD:user,2018-04-29
ad.e0423,AD:helpdesk,2018-04-29
ad.e0424,AD:user,2025-01-17
ad.e0424,AD:helpdesk,2025-01-17
ad.e0425,AD:user,2017-03-06
ad.e0425,AD:helpdesk,2017-03-06
ad.e0426,AD:user,2025-03-10
ad.e0426,AD:helpdesk,2025-03-10
ad.e0427,AD:user,2016-07-31
ad.e0427,AD:helpdesk,2016-07-31
ad.e0428,AD:user,2017-12-27
ad.e0428,AD:helpdesk,2017-12-27
ad.e0429,AD:user,2017-02-11
ad.e0429,AD:helpdesk,2017-02-11
ad.e0430,AD:user,2014-11-27
ad.e0430,AD:helpdesk,2014-11-27
ad.e0431,AD:user,2017-01-12
ad.e0431,AD:helpdesk,2017-01-12
ad.e0432,AD:user,2024-07-04
ad.e0432,AD:helpdesk,2024-07-04
ad.e0433,AD:user,2023-06-19
ad.e0433,AD:helpdesk,2023-06-19
ad.e0434,AD:user,2023-07-13
ad.e0434,AD:helpdesk,2023-07-13
ad.e0435,AD:user,2020-11-18
ad.e0435,AD:domain_admin,2020-11-18
ad.e0436,AD:user,2023-06-13
ad.e0436,AD:domain_admin,2023-06-13
ad.e0437,AD:user,2014-01-19
ad.e0437,AD:domain_admin,2014-01-19
ad.e0438,AD:user,2025-06-27
ad.e0438,AD:domain_admin,2025-06-27
ad.e0439,AD:user,2016-06-18
ad.e0439,AD:domain_admin,2016-06-18
ad.e0440,AD:user,2018-07-28
ad.e0440,AD:domain_admin,2018-07-28
ad.e0441,AD:user,2017-09-15
ad.e0441,AD:domain_admin,2017-09-15
ad.e0442,AD:user,2019-07-07
ad.e0442,AD:domain_admin,2019-07-07
ad.e0443,AD:user,2016-04-28
ad.e0443,AD:domain_admin,2016-04-28
ad.e0444,AD:user,2020-12-29
ad.e0444,AD:domain_admin,2020-12-29
ad.e0445,AD:user,2018-02-04
ad.e0445,AD:domain_admin,2018-02-04
ad.e0446,AD:user,2024-07-20
ad.e0446,AD:domain_admin,2024-07-20
ad.e0447,AD:user,2021-06-15
ad.e0447,AD:domain_admin,2021-06-15
ad.e0448,AD:user,2021-10-22
ad.e0448,AD:domain_admin,2021-10-22
ad.e0449,AD:user,2018-07-14
ad.e0449,AD:domain_admin,2018-07-14
ad.e0450,AD:user,2017-03-07
ad.e0450,AD:domain_admin,2017-03-07
ad.e0451,AD:user,2022-03-18
ad.e0451,AD:domain_admin,2022-03-18
ad.e0452,AD:user,2018-02-09
ad.e0452,AD:domain_admin,2018-02-09
ad.e0453,AD:user,2020-10-06
ad.e0453,AD:domain_admin,2020-10-06
ad.e0454,AD:user,2017-11-19
ad.e0454,AD:domain_admin,2017-11-19
ad.e0455,AD:user,2012-08-07
ad.e0455,AD:domain_admin,2012-08-07
ad.e0456,AD:user,2020-08-28
ad.e0456,AD:domain_admin,2020-08-28
ad.e0457,AD:user,2021-05-28
ad.e0457,AD:domain_admin,2021-05-28
ad.e0458,AD:user,2019-05-19
ad.e0458,AD:domain_admin,2019-05-19
ad.e0459,AD:user,2017-06-02
ad.e0459,AD:domain_admin,2017-06-02
ad.e0460,AD:user,2019-01-09
erp.e0460,ERP:sap_all,2025-07-17
ad.e0461,AD:user,2012-03-02
ad.e0461,AD:domain_admin,2012-03-02
ad.e0462,AD:user,2020-01-01
ad.e0462,AD:domain_admin,2020-01-01
ad.e0463,AD:user,2024-11-19
erp.e0463,ERP:sap_all,2024-11-20
ad.e0464,AD:user,2016-07-28
erp.e0464,ERP:sap_all,2016-07-29
ad.e0465,AD:user,2022-09-10
erp.e0465,ERP:sap_all,2022-09-10
ad.e0466,AD:user,2018-02-16
erp.e0466,ERP:sap_all,2018-02-15
ad.e0467,AD:user,2024-08-28
erp.e0467,ERP:sap_all,2024-08-29
ad.e0468,AD:user,2013-06-04
erp.e0468,ERP:sap_all,2013-06-05
ad.e0469,AD:user,2013-01-18
erp.e0469,ERP:sap_all,2013-01-19
ad.e0470,AD:user,2013-08-11
ad.e0470,AD:domain_admin,2026-04-14
ad.e0471,AD:user,2012-03-17
erp.e0471,ERP:sap_all,2012-03-19
ad.e0472,AD:user,2020-09-23
erp.e0472,ERP:sap_all,2020-09-23
ad.e0473,AD:user,2021-12-06
erp.e0473,ERP:sap_all,2021-12-05
ad.e0474,AD:user,2012-01-19
erp.e0474,ERP:sap_all,2012-01-19
ad.e0475,AD:user,2025-12-08
erp.e0475,ERP:sap_all,2025-12-07
ad.e0476,AD:user,2024-11-13
erp.e0476,ERP:sap_all,2024-11-13
ad.e0477,AD:user,2025-10-16
ad.e0478,AD:user,2023-08-27
ad.e0479,AD:user,2012-04-21
ad.e0480,AD:user,2020-11-07
ad.e0481,AD:user,2026-03-23
ad.e0482,AD:user,2025-04-12
ad.e0483,AD:user,2015-02-13
ad.e0484,AD:user,2017-03-20
ad.e0485,AD:user,2023-07-09
ad.e0486,AD:user,2019-11-07
ad.e0487,AD:user,2021-11-01
ad.e0488,AD:user,2018-05-22
ad.e0489,AD:user,2016-09-04
ad.e0490,AD:user,2014-03-12
ad.e0491,AD:user,2012-10-28
ad.e0492,AD:user,2020-04-16
ad.e0493,AD:user,2024-01-18
ad.e0494,AD:user,2026-02-01
ad.e0495,AD:user,2018-06-29
ad.e0496,AD:user,2024-08-28
ad.e0497,AD:user,2013-07-30
ad.e0498,AD:user,2020-07-19
ad.e0499,AD:user,2025-12-16
ad.e0500,AD:user,2022-01-16
ad.e0501,AD:user,2016-02-07
ad.e0502,AD:user,2022-01-17
ad.e0503,AD:user,2020-11-28
ad.e0504,AD:user,2020-11-30
ad.e0505,AD:user,2024-08-02
ad.e0506,AD:user,2025-03-20
ad.e0507,AD:user,2012-10-04
erp.e0507,ERP:po_create,2025-10-20
erp.e0507,ERP:gl_reporting,2025-10-20
ad.e0508,AD:user,2015-12-05
ad.e0509,AD:user,2018-11-17
ad.e0510,AD:user,2015-06-20
ad.e0511,AD:user,2021-06-23
ad.e0512,AD:user,2025-12-05
ad.e0513,AD:user,2014-03-02
ad.e0514,AD:user,2026-03-15
ad.e0515,AD:user,2019-05-17
ad.e0516,AD:user,2026-03-26
ad.e0517,AD:user,2017-04-20
ad.e0518,AD:user,2020-08-24
ad.e0519,AD:user,2024-09-27
ad.e0520,AD:user,2022-02-08
ad.e0521,AD:user,2019-12-28
ad.e0522,AD:user,2023-11-30
ad.e0523,AD:user,2017-05-24
ad.e0524,AD:user,2026-01-08
ad.e0525,AD:user,2026-01-20
ad.e0526,AD:user,2021-09-17
ad.e0527,AD:user,2019-05-21
ad.e0528,AD:user,2022-05-15
ad.e0529,AD:user,2015-02-17
ad.e0530,AD:user,2023-06-14
ad.e0531,AD:user,2019-01-15
ad.e0532,AD:user,2020-10-26
ad.e0533,AD:user,2017-02-27
ad.e0534,AD:user,2015-03-08
ad.e0535,AD:user,2014-08-04
ad.e0536,AD:user,2016-10-05
ad.e0537,AD:user,2014-03-15
ad.e0538,AD:user,2013-06-27
ad.e0539,AD:user,2024-10-31
ad.e0540,AD:user,2018-02-05
ad.e0541,AD:user,2018-09-29
ad.e0542,AD:user,2019-08-14
ad.e0543,AD:user,2025-09-05
ad.e0544,AD:user,2013-08-27
erp.e0544,ERP:po_create,2025-07-30
erp.e0544,ERP:gl_reporting,2025-07-30
ad.e0545,AD:user,2019-03-03
ad.e0546,AD:user,2012-02-13
ad.e0547,AD:user,2025-05-22
ad.e0548,AD:user,2013-03-27
ad.e0549,AD:user,2014-05-10
ad.e0550,AD:user,2014-08-27
ad.e0551,AD:user,2016-01-12
ad.e0552,AD:user,2025-02-15
ad.e0553,AD:user,2016-12-26
ad.e0554,AD:user,2026-01-11
ad.e0555,AD:user,2025-02-10
ad.e0556,AD:user,2012-09-04
ad.e0557,AD:user,2018-03-14
ad.e0558,AD:user,2015-09-18
ad.e0559,AD:user,2015-06-16
ad.e0560,AD:user,2016-03-08
ad.e0561,AD:user,2016-07-18
erp.e0561,ERP:po_create,2026-05-02
erp.e0561,ERP:gl_reporting,2026-05-02
ad.e0562,AD:user,2021-12-04
ad.e0563,AD:user,2026-02-16
ad.e0564,AD:user,2020-12-14
ad.e0565,AD:user,2018-10-30
ad.e0566,AD:user,2016-08-05
ad.e0567,AD:user,2018-10-25
ad.e0568,AD:user,2017-01-05
ad.e0569,AD:user,2025-05-15
ad.e0570,AD:user,2012-01-05
ad.e0571,AD:user,2012-10-30
ad.e0572,AD:user,2023-01-10
ad.e0573,AD:user,2017-12-03
ad.e0574,AD:user,2017-03-15
ad.e0575,AD:user,2025-08-30
ad.e0576,AD:user,2016-01-07
ad.e0577,AD:user,2017-05-08
erp.e0577,ERP:po_create,2025-07-06
erp.e0577,ERP:gl_reporting,2025-07-06
ad.e0578,AD:user,2022-03-19
ad.e0579,AD:user,2013-10-25
ad.e0580,AD:user,2016-11-15
ad.e0581,AD:user,2022-02-19
ad.e0582,AD:user,2018-10-25
ad.e0583,AD:user,2023-02-18
ad.e0584,AD:user,2014-09-05
ad.e0585,AD:user,2024-11-07
ad.e0586,AD:user,2015-03-11
ad.e0587,AD:user,2012-10-24
ad.e0588,AD:user,2013-09-03
ad.e0589,AD:user,2016-04-05
ad.e0590,AD:user,2014-12-31
ad.e0591,AD:user,2012-12-08
ad.e0592,AD:user,2023-04-06
ad.e0593,AD:user,2014-10-20
ad.e0594,AD:user,2017-06-22
ad.e0595,AD:user,2021-10-11
ad.e0596,AD:user,2017-05-28
ad.e0597,AD:user,2022-08-28
ad.e0598,AD:user,2012-08-10
ad.e0599,AD:user,2021-05-05
ad.e0600,AD:user,2020-06-04
ad.e0601,AD:user,2015-10-26
ad.e0602,AD:user,2014-03-27
ad.e0603,AD:user,2023-03-29
ad.e0604,AD:user,2013-11-09
ad.e0605,AD:user,2019-11-20
ad.e0606,AD:user,2021-10-04
ad.e0607,AD:user,2021-10-10
ad.e0608,AD:user,2017-07-26
ad.e0609,AD:user,2013-10-30
ad.e0610,AD:user,2025-10-01
ad.e0611,AD:user,2023-03-31
ad.e0612,AD:user,2013-12-13
erp.e0612,ERP:po_create,2026-04-09
erp.e0612,ERP:gl_reporting,2026-04-09
ad.e0613,AD:user,2022-03-14
ad.e0614,AD:user,2014-01-23
ad.e0615,AD:user,2023-08-09
ad.e0616,AD:user,2018-03-22
ad.e0617,AD:user,2012-10-22
ad.e0618,AD:user,2017-12-24
ad.e0619,AD:user,2017-10-19
ad.e0620,AD:user,2016-09-16
ad.e0621,AD:user,2014-01-07
ad.e0622,AD:user,2013-06-22
ad.e0623,AD:user,2018-08-18
ad.e0624,AD:user,2015-10-30
ad.e0625,AD:user,2023-06-17
ad.e0626,AD:user,2012-02-01
ad.e0627,AD:user,2025-01-19
ad.e0628,AD:user,2012-12-13
ad.e0629,AD:user,2020-08-28
ad.e0630,AD:user,2020-12-27
ad.e0631,AD:user,2025-05-23
ad.e0632,AD:user,2018-09-10
ad.e0633,AD:user,2014-01-06
ad.e0634,AD:user,2022-12-28
ad.e0635,AD:user,2012-10-20
ad.e0636,AD:user,2021-05-02
ad.e0637,AD:user,2021-01-09
ad.e0638,AD:user,2012-07-15
ad.e0639,AD:user,2022-04-21
ad.e0640,AD:user,2019-08-27
ad.e0641,AD:user,2019-07-13
ad.e0642,AD:user,2019-09-18
ad.e0643,AD:user,2013-08-23
erp.e0643,ERP:po_create,2025-09-18
erp.e0643,ERP:gl_reporting,2025-09-18
ad.e0644,AD:user,2012-12-03
ad.e0645,AD:user,2014-01-24
ad.e0646,AD:user,2013-09-16
ad.e0647,AD:user,2019-02-06
ad.e0648,AD:user,2023-10-06
ad.e0649,AD:user,2021-05-21
ad.e0650,AD:user,2016-03-07
ad.e0651,AD:user,2020-07-21
ad.e0652,AD:user,2018-03-30
ad.e0653,AD:user,2013-05-01
ad.e0654,AD:user,2013-04-17
ad.e0655,AD:user,2023-11-14
ad.e0656,AD:user,2017-04-10
ad.e0657,AD:user,2015-04-21
ad.e0658,AD:user,2013-06-24
ad.e0659,AD:user,2015-04-13
ad.e0660,AD:user,2013-01-16
ad.e0661,AD:user,2023-08-23
ad.e0662,AD:user,2022-06-23
ad.e0663,AD:user,2016-05-16
ad.e0664,AD:user,2023-10-10
ad.e0665,AD:user,2016-11-25
ad.e0666,AD:user,2019-05-14
ad.e0667,AD:user,2020-01-22
ad.e0668,AD:user,2017-10-10
ad.e0669,AD:user,2016-07-29
ad.e0670,AD:user,2021-04-04
ad.e0671,AD:user,2014-03-31
ad.e0672,AD:user,2017-03-07
ad.e0673,AD:user,2025-06-17
ad.e0674,AD:user,2013-03-19
ad.e0675,AD:user,2025-06-20
ad.e0676,AD:user,2013-11-02
ad.e0677,AD:user,2025-03-16
ad.e0678,AD:user,2017-04-15
ad.e0679,AD:user,2021-09-14
ad.e0680,AD:user,2024-09-14
ad.e0681,AD:user,2012-04-14
ad.e0682,AD:user,2012-02-07
ad.e0683,AD:user,2015-01-25
ad.e0684,AD:user,2012-11-05
ad.e0685,AD:user,2012-11-20
ad.e0686,AD:user,2021-12-15
ad.e0687,AD:user,2012-01-20
ad.e0688,AD:user,2019-08-11
ad.e0689,AD:user,2022-05-31
ad.e0690,AD:user,2026-01-08
ad.e0691,AD:user,2022-03-08
ad.e0692,AD:user,2020-09-11
ad.e0693,AD:user,2018-07-10
ad.e0694,AD:user,2013-06-18
ad.e0695,AD:user,2013-06-03
ad.e0696,AD:user,2015-11-23
ad.e0697,AD:user,2014-04-06
ad.e0698,AD:user,2025-12-16
ad.e0699,AD:user,2020-04-27
ad.e0700,AD:user,2022-02-12
ad.e0701,AD:user,2017-02-12
ad.e0702,AD:user,2020-09-11
ad.e0703,AD:user,2018-01-12
ad.e0704,AD:user,2014-05-01
ad.e0705,AD:user,2013-04-19
ad.e0706,AD:user,2024-01-27
ad.e0707,AD:user,2022-12-03
ad.e0708,AD:user,2023-03-14
ad.e0709,AD:user,2012-08-22
ad.e0710,AD:user,2019-11-28
ad.e0711,AD:user,2015-08-21
ad.e0712,AD:user,2015-02-24
ad.e0713,AD:user,2024-10-02
ad.e0714,AD:user,2019-01-23
ad.e0715,AD:user,2012-12-06
ad.e0716,AD:user,2015-03-25
ad.e0717,AD:user,2024-11-17
ad.e0718,AD:user,2025-05-26
ad.e0719,AD:user,2023-03-03
ad.e0720,AD:user,2020-05-27
ad.e0721,AD:user,2017-08-12
ad.e0722,AD:user,2015-04-27
ad.e0723,AD:user,2023-12-15
ad.e0724,AD:user,2025-12-09
ad.e0725,AD:user,2026-01-05
ad.e0726,AD:user,2025-05-06
ad.e0727,AD:user,2018-10-05
ad.e0728,AD:user,2020-09-03
ad.e0729,AD:user,2018-02-15
ad.e0730,AD:user,2014-09-08
ad.e0731,AD:user,2016-09-28
ad.e0732,AD:user,2022-06-24
ad.e0733,AD:user,2022-04-30
ad.e0734,AD:user,2018-05-05
ad.e0735,AD:user,2026-05-26
ad.e0736,AD:user,2018-04-08
ad.e0737,AD:user,2020-09-09
ad.e0738,AD:user,2020-02-17
ad.e0739,AD:user,2019-06-04
ad.e0740,AD:user,2024-01-25
ad.e0741,AD:user,2012-05-12
ad.e0742,AD:user,2018-01-24
ad.e0743,AD:user,2024-03-16
ad.e0744,AD:user,2022-04-27
ad.e0745,AD:user,2014-09-30
ad.e0746,AD:user,2017-08-27
ad.e0747,AD:user,2018-01-27
ad.e0748,AD:user,2018-12-09
ad.e0749,AD:user,2025-02-02
ad.e0750,AD:user,2021-03-11
ad.e0751,AD:user,2021-01-05
ad.e0752,AD:user,2015-01-11
ad.e0753,AD:user,2024-09-06
ad.e0754,AD:user,2026-05-16
ad.e0755,AD:user,2022-09-06
ad.e0756,AD:user,2025-03-26
ad.e0757,AD:user,2017-12-11
ad.e0758,AD:user,2019-01-30
ad.e0759,AD:user,2021-11-04
ad.e0760,AD:user,2014-09-17
ad.e0761,AD:user,2024-11-17
ad.e0762,AD:user,2018-06-02
ad.e0763,AD:user,2026-01-15
ad.e0764,AD:user,2013-12-17
ad.e0765,AD:user,2021-03-29
ad.e0766,AD:user,2025-02-17
ad.e0767,AD:user,2013-03-22
ad.e0768,AD:user,2014-12-01
ad.e0769,AD:user,2022-07-06
ad.e0770,AD:user,2020-10-11
ad.e0771,AD:user,2019-03-08
ad.e0772,AD:user,2013-03-18
ad.e0773,AD:user,2017-02-07
ad.e0774,AD:user,2019-03-10
ad.e0775,AD:user,2012-04-08
ad.e0776,AD:user,2014-03-06
ad.e0777,AD:user,2016-04-03
ad.e0778,AD:user,2013-01-15
ad.e0779,AD:user,2025-11-07
ad.e0780,AD:user,2019-02-17
ad.e0781,AD:user,2012-01-06
ad.e0782,AD:user,2017-09-29
ad.e0783,AD:user,2022-01-12
ad.e0784,AD:user,2023-06-16
ad.e0785,AD:user,2024-03-02
ad.e0786,AD:user,2013-01-24
ad.e0787,AD:user,2019-12-09
ad.e0788,AD:user,2024-10-30
ad.e0789,AD:user,2025-09-26
ad.e0790,AD:user,2015-01-30
ad.e0791,AD:user,2013-12-16
ad.e0792,AD:user,2023-05-31
ad.e0793,AD:user,2014-03-06
ad.e0794,AD:user,2018-04-14
ad.e0795,AD:user,2020-01-19
ad.e0796,AD:user,2025-11-20
ad.e0797,AD:user,2024-05-23
ad.e0798,AD:user,2023-07-06
ad.e0799,AD:user,2012-06-24
ad.e0800,AD:user,2021-04-20
ad.e0801,AD:user,2025-05-26
ad.e0802,AD:user,2013-03-11
ad.e0803,AD:user,2022-12-06
ad.e0804,AD:user,2020-06-16
ad.e0805,AD:user,2022-07-15
ad.e0806,AD:user,2021-04-22
ad.e0807,AD:user,2014-05-13
ad.e0808,AD:user,2025-06-13
ad.e0809,AD:user,2021-06-17
ad.e0810,AD:user,2026-04-07
ad.e0811,AD:user,2012-09-23
ad.e0812,AD:user,2019-09-20
ad.e0813,AD:user,2014-09-27
ad.e0814,AD:user,2017-12-21
ad.e0815,AD:user,2020-02-04
ad.e0816,AD:user,2023-12-27
ad.e0817,AD:user,2012-06-22
ad.e0818,AD:user,2025-06-23
ad.e0819,AD:user,2019-08-16
ad.e0820,AD:user,2013-11-08
ad.e0821,AD:user,2025-08-11
ad.e0822,AD:user,2020-02-24
ad.e0823,AD:user,2018-03-01
ad.e0824,AD:user,2015-07-22
ad.e0825,AD:user,2016-04-19
ad.e0826,AD:user,2023-11-01
ad.e0827,AD:user,2025-02-12
ad.e0828,AD:user,2022-07-02
ad.e0829,AD:user,2014-08-07
ad.e0830,AD:user,2024-03-20
ad.e0831,AD:user,2018-02-28
ad.e0832,AD:user,2024-02-12
ad.e0833,AD:user,2025-10-10
ad.e0834,AD:user,2020-07-13
ad.e0835,AD:user,2018-09-28
ad.e0836,AD:user,2025-09-17
ad.e0837,AD:user,2012-04-03
ad.e0838,AD:user,2022-08-31
ad.e0839,AD:user,2021-07-27
ad.e0840,AD:user,2025-05-12
ad.e0841,AD:user,2021-09-12
ad.e0842,AD:user,2018-08-05
ad.e0843,AD:user,2026-03-26
ad.e0844,AD:user,2020-02-01
ad.e0845,AD:user,2012-05-22
ad.e0846,AD:user,2024-03-12
ad.e0847,AD:user,2017-07-19
ad.e0848,AD:user,2020-02-20
ad.e0849,AD:user,2016-12-16
ad.e0850,AD:user,2025-07-01
ad.e0851,AD:user,2021-09-03
ad.e0852,AD:user,2014-07-01
ad.e0853,AD:user,2012-12-06
ad.e0854,AD:user,2019-08-03
ad.e0855,AD:user,2015-04-09
ad.e0856,AD:user,2020-05-18
ad.e0857,AD:user,2019-06-26
ad.e0858,AD:user,2026-03-27
ad.e0859,AD:user,2016-02-28
ad.e0860,AD:user,2023-05-20
ad.e0861,AD:user,2015-03-01
ad.e0862,AD:user,2024-12-27
ad.e0863,AD:user,2022-01-13
ad.e0864,AD:user,2024-06-02
ad.e0865,AD:user,2014-06-18
ad.e0866,AD:user,2025-09-25
ad.e0867,AD:user,2012-09-12
ad.e0868,AD:user,2023-07-30
ad.e0869,AD:user,2023-09-29
ad.e0870,AD:user,2013-09-12
ad.e0871,AD:user,2012-06-20
ad.e0872,AD:user,2024-01-21
ad.e0873,AD:user,2016-02-20
ad.e0874,AD:user,2016-01-26
ad.e0875,AD:user,2022-04-04
ad.e0876,AD:user,2012-11-25
ad.e0877,AD:user,2021-07-18
ad.e0878,AD:user,2022-04-14
erp.e0878,ERP:po_create,2025-10-28
erp.e0878,ERP:gl_reporting,2025-10-28
ad.e0879,AD:user,2019-01-27
ad.e0880,AD:user,2012-07-15
ad.e0881,AD:user,2025-08-26
ad.e0882,AD:user,2021-10-03
ad.e0883,AD:user,2022-06-27
ad.e0884,AD:user,2012-11-12
ad.e0885,AD:user,2022-12-29
ad.e0886,AD:user,2025-11-20
ad.e0887,AD:user,2014-10-04
ad.e0888,AD:user,2022-11-09
ad.e0889,AD:user,2019-04-14
ad.e0890,AD:user,2023-06-21
ad.e0891,AD:user,2015-11-17
ad.e0892,AD:user,2024-12-16
ad.e0893,AD:user,2017-05-06
ad.e0894,AD:user,2021-08-18
ad.e0895,AD:user,2025-11-11
ad.e0896,AD:user,2021-11-02
ad.e0897,AD:user,2012-12-07
erp.e0897,ERP:po_create,2012-12-08
erp.e0897,ERP:gl_reporting,2012-12-08
ad.e0898,AD:user,2014-04-02
erp.e0898,ERP:po_create,2014-03-31
erp.e0898,ERP:gl_reporting,2014-03-31
ad.e0899,AD:user,2017-04-14
erp.e0899,ERP:po_create,2017-04-15
erp.e0899,ERP:gl_reporting,2017-04-15
ad.e0900,AD:user,2023-01-24
erp.e0900,ERP:po_create,2023-01-24
erp.e0900,ERP:gl_reporting,2023-01-24
ad.e0901,AD:user,2016-08-13
erp.e0901,ERP:po_create,2016-08-12
erp.e0901,ERP:gl_reporting,2016-08-12
ad.e0902,AD:user,2022-01-19
erp.e0902,ERP:po_create,2022-01-20
erp.e0902,ERP:gl_reporting,2022-01-20
ad.e0903,AD:user,2025-01-10
erp.e0903,ERP:po_create,2025-01-08
erp.e0903,ERP:gl_reporting,2025-01-08
ad.e0904,AD:user,2015-05-07
ad.e0905,AD:user,2023-01-15
erp.e0905,ERP:po_create,2023-01-14
erp.e0905,ERP:gl_reporting,2023-01-14
ad.e0906,AD:user,2026-03-13
erp.e0906,ERP:po_create,2026-03-15
erp.e0906,ERP:gl_reporting,2026-03-15
ad.e0907,AD:user,2016-06-11
erp.e0907,ERP:po_create,2016-06-10
erp.e0907,ERP:gl_reporting,2016-06-10
ad.e0908,AD:user,2014-06-02
erp.e0908,ERP:po_create,2014-06-03
erp.e0908,ERP:gl_reporting,2014-06-03
ad.e0909,AD:user,2019-10-05
erp.e0909,ERP:po_create,2019-10-03
erp.e0909,ERP:gl_reporting,2019-10-03
ad.e0910,AD:user,2016-12-29
erp.e0910,ERP:po_create,2016-12-29
erp.e0910,ERP:gl_reporting,2016-12-29
ad.e0911,AD:user,2021-01-10
erp.e0911,ERP:po_create,2021-01-12
erp.e0911,ERP:gl_reporting,2021-01-12
ad.e0912,AD:user,2013-05-07
erp.e0912,ERP:po_create,2013-05-06
erp.e0912,ERP:gl_reporting,2013-05-06
ad.e0913,AD:user,2018-05-19
ad.e0914,AD:user,2018-07-30
erp.e0914,ERP:po_create,2018-07-31
erp.e0914,ERP:gl_reporting,2018-07-31
ad.e0915,AD:user,2016-10-12
erp.e0915,ERP:po_create,2016-10-10
erp.e0915,ERP:gl_reporting,2016-10-10
ad.e0916,AD:user,2013-11-24
erp.e0916,ERP:po_create,2013-11-23
erp.e0916,ERP:gl_reporting,2013-11-23
ad.e0917,AD:user,2020-07-11
erp.e0917,ERP:po_create,2020-07-11
erp.e0917,ERP:gl_reporting,2020-07-11
ad.e0918,AD:user,2019-05-28
erp.e0918,ERP:po_create,2019-05-29
erp.e0918,ERP:gl_reporting,2019-05-29
ad.e0919,AD:user,2015-02-18
erp.e0919,ERP:po_create,2015-02-19
erp.e0919,ERP:gl_reporting,2015-02-19
ad.e0920,AD:user,2023-02-26
erp.e0920,ERP:po_create,2023-02-24
erp.e0920,ERP:gl_reporting,2023-02-24
ad.e0921,AD:user,2015-04-08
erp.e0921,ERP:po_create,2015-04-10
erp.e0921,ERP:gl_reporting,2015-04-10
ad.e0922,AD:user,2018-10-07
erp.e0922,ERP:po_create,2018-10-06
erp.e0922,ERP:gl_reporting,2018-10-06
ad.e0923,AD:user,2013-02-21
erp.e0923,ERP:po_create,2013-02-22
erp.e0923,ERP:gl_reporting,2013-02-22
ad.e0924,AD:user,2021-01-10
erp.e0924,ERP:po_create,2021-01-10
erp.e0924,ERP:gl_reporting,2021-01-10
ad.e0925,AD:user,2022-12-16
erp.e0925,ERP:po_create,2022-12-16
erp.e0925,ERP:gl_reporting,2022-12-16
ad.e0926,AD:user,2020-10-03
erp.e0926,ERP:po_create,2020-10-02
erp.e0926,ERP:gl_reporting,2020-10-02
ad.e0927,AD:user,2020-08-13
erp.e0927,ERP:po_create,2020-08-13
erp.e0927,ERP:gl_reporting,2020-08-13
ad.e0928,AD:user,2013-12-31
erp.e0928,ERP:po_create,2013-12-30
erp.e0928,ERP:gl_reporting,2013-12-30
ad.e0929,AD:user,2018-04-19
erp.e0929,ERP:po_create,2018-04-18
erp.e0929,ERP:gl_reporting,2018-04-18
ad.e0930,AD:user,2021-09-23
erp.e0930,ERP:po_create,2021-09-25
erp.e0930,ERP:gl_reporting,2021-09-25
ad.e0931,AD:user,2013-08-14
erp.e0931,ERP:po_create,2013-08-15
erp.e0931,ERP:gl_reporting,2013-08-15
ad.e0932,AD:user,2024-01-07
erp.e0932,ERP:po_create,2024-01-06
erp.e0932,ERP:gl_reporting,2024-01-06
ad.e0933,AD:user,2025-01-09
erp.e0933,ERP:po_create,2025-01-09
erp.e0933,ERP:gl_reporting,2025-01-09
ad.e0934,AD:user,2019-04-03
erp.e0934,ERP:po_create,2019-04-03
erp.e0934,ERP:gl_reporting,2019-04-03
ad.e0935,AD:user,2026-02-13
erp.e0935,ERP:po_create,2026-02-14
erp.e0935,ERP:gl_reporting,2026-02-14
ad.e0936,AD:user,2017-10-03
erp.e0936,ERP:po_create,2017-10-03
erp.e0936,ERP:gl_reporting,2017-10-03
ad.e0937,AD:user,2020-07-16
erp.e0937,ERP:po_create,2020-07-16
erp.e0937,ERP:gl_reporting,2020-07-16
ad.e0938,AD:user,2019-08-13
erp.e0938,ERP:po_create,2019-08-14
erp.e0938,ERP:gl_reporting,2019-08-14
ad.e0939,AD:user,2016-12-28
erp.e0939,ERP:customer_view,2016-12-29
erp.e0939,ERP:ar_receipts,2016-12-29
ad.e0940,AD:user,2025-08-23
erp.e0940,ERP:customer_view,2025-08-24
erp.e0940,ERP:ar_receipts,2025-08-24
ad.e0941,AD:user,2013-04-04
erp.e0941,ERP:customer_view,2013-04-02
erp.e0941,ERP:ar_receipts,2013-04-02
ad.e0942,AD:user,2013-12-13
erp.e0942,ERP:customer_view,2013-12-11
erp.e0942,ERP:ar_receipts,2013-12-11
ad.e0943,AD:user,2015-05-17
erp.e0943,ERP:customer_view,2015-05-17
erp.e0943,ERP:ar_receipts,2015-05-17
ad.e0944,AD:user,2016-09-05
erp.e0944,ERP:customer_view,2016-09-05
erp.e0944,ERP:ar_receipts,2016-09-05
ad.e0945,AD:user,2024-07-21
erp.e0945,ERP:customer_view,2024-07-20
erp.e0945,ERP:ar_receipts,2024-07-20
ad.e0946,AD:user,2016-07-16
erp.e0946,ERP:customer_view,2016-07-16
erp.e0946,ERP:ar_receipts,2016-07-16
ad.e0947,AD:user,2012-10-14
erp.e0947,ERP:customer_view,2012-10-16
erp.e0947,ERP:ar_receipts,2012-10-16
ad.e0948,AD:user,2014-11-08
erp.e0948,ERP:customer_view,2014-11-08
erp.e0948,ERP:ar_receipts,2014-11-08
ad.e0949,AD:user,2022-04-17
erp.e0949,ERP:customer_view,2022-04-18
erp.e0949,ERP:ar_receipts,2022-04-18
ad.e0950,AD:user,2012-05-12
erp.e0950,ERP:customer_view,2012-05-13
erp.e0950,ERP:ar_receipts,2012-05-13
ad.e0951,AD:user,2024-06-15
erp.e0951,ERP:customer_view,2024-06-15
erp.e0951,ERP:ar_receipts,2024-06-15
ad.e0952,AD:user,2024-01-08
erp.e0952,ERP:customer_view,2024-01-06
erp.e0952,ERP:ar_receipts,2024-01-06
ad.e0953,AD:user,2012-06-01
erp.e0953,ERP:customer_view,2012-06-02
erp.e0953,ERP:ar_receipts,2012-06-02
ad.e0954,AD:user,2016-02-18
erp.e0954,ERP:customer_view,2016-02-20
erp.e0954,ERP:ar_receipts,2016-02-20
ad.e0955,AD:user,2013-08-16
erp.e0955,ERP:customer_view,2013-08-15
erp.e0955,ERP:ar_receipts,2013-08-15
ad.e0956,AD:user,2015-02-12
erp.e0956,ERP:customer_view,2015-02-10
erp.e0956,ERP:ar_receipts,2015-02-10
ad.e0957,AD:user,2026-01-04
erp.e0957,ERP:customer_view,2026-01-05
erp.e0957,ERP:ar_receipts,2026-01-05
ad.e0958,AD:user,2025-04-07
erp.e0958,ERP:customer_view,2025-04-06
erp.e0958,ERP:ar_receipts,2025-04-06
ad.e0959,AD:user,2024-11-21
erp.e0959,ERP:customer_view,2024-11-22
erp.e0959,ERP:ar_receipts,2024-11-22
ad.e0960,AD:user,2022-03-26
erp.e0960,ERP:customer_view,2022-03-27
erp.e0960,ERP:ar_receipts,2022-03-27
ad.e0961,AD:user,2023-09-16
erp.e0961,ERP:customer_view,2023-09-17
erp.e0961,ERP:ar_receipts,2023-09-17
ad.e0962,AD:user,2013-05-05
erp.e0962,ERP:customer_view,2013-05-05
erp.e0962,ERP:ar_receipts,2013-05-05
ad.e0963,AD:user,2014-01-12
erp.e0963,ERP:customer_view,2014-01-11
erp.e0963,ERP:ar_receipts,2014-01-11
ad.e0964,AD:user,2018-11-07
erp.e0964,ERP:customer_view,2018-11-09
erp.e0964,ERP:ar_receipts,2018-11-09
ad.e0965,AD:user,2020-02-06
erp.e0965,ERP:customer_view,2020-02-04
erp.e0965,ERP:ar_receipts,2020-02-04
ad.e0966,AD:user,2019-11-19
erp.e0966,ERP:customer_view,2019-11-18
erp.e0966,ERP:ar_receipts,2019-11-18
ad.e0967,AD:user,2025-04-12
erp.e0967,ERP:customer_view,2025-04-13
erp.e0967,ERP:ar_receipts,2025-04-13
ad.e0968,AD:user,2018-06-17
erp.e0968,ERP:customer_view,2018-06-15
erp.e0968,ERP:ar_receipts,2018-06-15
ad.e0969,AD:user,2017-12-07
erp.e0969,ERP:customer_view,2017-12-08
erp.e0969,ERP:ar_receipts,2017-12-08
ad.e0970,AD:user,2026-02-24
erp.e0970,ERP:customer_view,2026-02-25
erp.e0970,ERP:ar_receipts,2026-02-25
ad.e0971,AD:user,2018-12-30
erp.e0971,ERP:customer_view,2018-12-31
erp.e0971,ERP:ar_receipts,2018-12-31
ad.e0972,AD:user,2024-07-31
erp.e0972,ERP:customer_view,2024-08-01
erp.e0972,ERP:ar_receipts,2024-08-01
ad.e0973,AD:user,2013-01-25
erp.e0973,ERP:customer_view,2013-01-23
erp.e0973,ERP:ar_receipts,2013-01-23
ad.e0974,AD:user,2016-10-01
erp.e0974,ERP:customer_view,2016-10-02
erp.e0974,ERP:ar_receipts,2016-10-02
ad.e0975,AD:user,2025-03-12
erp.e0975,ERP:customer_view,2025-03-13
erp.e0975,ERP:ar_receipts,2025-03-13
ad.e0976,AD:user,2026-03-05
erp.e0976,ERP:customer_view,2026-03-04
erp.e0976,ERP:ar_receipts,2026-03-04
ad.e0977,AD:user,2016-05-17
erp.e0977,ERP:customer_view,2016-05-17
erp.e0977,ERP:ar_receipts,2016-05-17
ad.e0978,AD:user,2015-02-27
erp.e0978,ERP:customer_view,2015-02-27
erp.e0978,ERP:ar_receipts,2015-02-27
ad.e0979,AD:user,2024-08-25
erp.e0979,ERP:customer_view,2024-08-27
erp.e0979,ERP:ar_receipts,2024-08-27
ad.e0980,AD:user,2013-02-17
erp.e0980,ERP:customer_view,2013-02-17
erp.e0980,ERP:ar_receipts,2013-02-17
ad.e0981,AD:user,2018-08-28
erp.e0981,ERP:customer_view,2018-08-27
erp.e0981,ERP:ar_receipts,2018-08-27
ad.e0982,AD:user,2016-09-07
erp.e0982,ERP:customer_view,2016-09-06
erp.e0982,ERP:ar_receipts,2016-09-06
ad.e0983,AD:user,2019-02-26
erp.e0983,ERP:customer_view,2019-02-27
erp.e0983,ERP:ar_receipts,2019-02-27
ad.e0984,AD:user,2015-09-24
erp.e0984,ERP:customer_view,2015-09-24
erp.e0984,ERP:ar_receipts,2015-09-24
ad.e0985,AD:user,2021-10-07
erp.e0985,ERP:customer_view,2021-10-06
erp.e0985,ERP:ar_receipts,2021-10-06
ad.e0986,AD:user,2020-12-19
erp.e0986,ERP:customer_view,2020-12-17
erp.e0986,ERP:ar_receipts,2020-12-17
ad.e0987,AD:user,2025-08-18
erp.e0987,ERP:customer_view,2025-08-18
erp.e0987,ERP:ar_receipts,2025-08-18
ad.e0988,AD:user,2017-09-07
erp.e0988,ERP:customer_view,2017-09-06
erp.e0988,ERP:ar_receipts,2017-09-06
ad.e0989,AD:user,2015-05-24
erp.e0989,ERP:customer_view,2015-05-25
erp.e0989,ERP:ar_receipts,2015-05-25
ad.e0990,AD:user,2023-09-03
erp.e0990,ERP:customer_view,2023-09-05
erp.e0990,ERP:ar_receipts,2023-09-05
ad.e0991,AD:user,2023-11-23
erp.e0991,ERP:customer_view,2023-11-21
erp.e0991,ERP:ar_receipts,2023-11-21
ad.e0992,AD:user,2012-07-12
erp.e0992,ERP:customer_view,2012-07-11
erp.e0992,ERP:ar_receipts,2012-07-11
ad.e0993,AD:user,2012-04-27
erp.e0993,ERP:customer_view,2012-04-27
erp.e0993,ERP:ar_receipts,2012-04-27
ad.e0994,AD:user,2018-06-10
erp.e0994,ERP:customer_view,2018-06-10
erp.e0994,ERP:ar_receipts,2018-06-10
ad.e0995,AD:user,2021-04-05
erp.e0995,ERP:customer_view,2021-04-04
erp.e0995,ERP:ar_receipts,2021-04-04
ad.e0996,AD:user,2018-11-10
erp.e0996,ERP:customer_view,2018-11-10
erp.e0996,ERP:ar_receipts,2018-11-10
ad.e0997,AD:user,2024-04-08
erp.e0997,ERP:customer_view,2024-04-08
erp.e0997,ERP:ar_receipts,2024-04-08
ad.e0998,AD:user,2022-03-07
erp.e0998,ERP:customer_view,2022-03-09
erp.e0998,ERP:ar_receipts,2022-03-09
ad.e0999,AD:user,2014-06-14
erp.e0999,ERP:customer_view,2014-06-16
erp.e0999,ERP:ar_receipts,2014-06-16
ad.e1000,AD:user,2021-07-10
erp.e1000,ERP:customer_view,2021-07-11
erp.e1000,ERP:ar_receipts,2021-07-11
ad.e1001,AD:user,2025-04-19
erp.e1001,ERP:customer_view,2025-04-20
erp.e1001,ERP:ar_receipts,2025-04-20
ad.e1002,AD:user,2020-11-21
erp.e1002,ERP:customer_view,2020-11-21
erp.e1002,ERP:ar_receipts,2020-11-21
ad.e1003,AD:user,2016-12-26
erp.e1003,ERP:customer_view,2016-12-26
erp.e1003,ERP:ar_receipts,2016-12-26
ad.e1004,AD:user,2016-05-31
erp.e1004,ERP:customer_view,2016-05-30
erp.e1004,ERP:ar_receipts,2016-05-30
ad.e1005,AD:user,2018-05-12
erp.e1005,ERP:customer_view,2018-05-12
erp.e1005,ERP:ar_receipts,2018-05-12
ad.e1006,AD:user,2023-04-24
erp.e1006,ERP:customer_view,2023-04-24
erp.e1006,ERP:ar_receipts,2023-04-24
ad.e1007,AD:user,2021-02-20
erp.e1007,ERP:customer_view,2021-02-21
erp.e1007,ERP:ar_receipts,2021-02-21
ad.e1008,AD:user,2022-04-20
erp.e1008,ERP:customer_view,2022-04-20
erp.e1008,ERP:ar_receipts,2022-04-20
ad.e1009,AD:user,2013-08-16
erp.e1009,ERP:customer_view,2013-08-16
erp.e1009,ERP:ar_receipts,2013-08-16
ad.e1010,AD:user,2019-12-18
erp.e1010,ERP:customer_view,2019-12-19
erp.e1010,ERP:ar_receipts,2019-12-19
ad.e1011,AD:user,2016-02-17
erp.e1011,ERP:customer_view,2016-02-17
erp.e1011,ERP:ar_receipts,2016-02-17
ad.e1012,AD:user,2021-10-11
erp.e1012,ERP:customer_view,2021-10-12
erp.e1012,ERP:ar_receipts,2021-10-12
ad.e1013,AD:user,2017-11-23
erp.e1013,ERP:customer_view,2017-11-24
erp.e1013,ERP:ar_receipts,2017-11-24
ad.e1014,AD:user,2021-06-28
erp.e1014,ERP:customer_view,2021-06-26
erp.e1014,ERP:ar_receipts,2021-06-26
ad.e1015,AD:user,2018-06-08
erp.e1015,ERP:customer_view,2018-06-09
erp.e1015,ERP:ar_receipts,2018-06-09
ad.e1016,AD:user,2014-10-20
erp.e1016,ERP:customer_view,2014-10-22
erp.e1016,ERP:ar_receipts,2014-10-22
ad.e1017,AD:user,2015-05-31
erp.e1017,ERP:customer_view,2015-05-30
erp.e1017,ERP:ar_receipts,2015-05-30
ad.e1018,AD:user,2015-09-03
erp.e1018,ERP:customer_view,2015-09-02
erp.e1018,ERP:ar_receipts,2015-09-02
ad.e1019,AD:user,2022-03-18
erp.e1019,ERP:customer_view,2022-03-20
erp.e1019,ERP:ar_receipts,2022-03-20
ad.e1020,AD:user,2023-09-02
erp.e1020,ERP:customer_view,2023-08-31
erp.e1020,ERP:ar_receipts,2023-08-31
ad.e1021,AD:user,2020-07-20
erp.e1021,ERP:customer_view,2020-07-20
erp.e1021,ERP:ar_receipts,2020-07-20
ad.e1022,AD:user,2016-08-12
erp.e1022,ERP:customer_view,2016-08-12
erp.e1022,ERP:ar_receipts,2016-08-12
ad.e1023,AD:user,2015-03-06
erp.e1023,ERP:customer_view,2015-03-06
erp.e1023,ERP:ar_receipts,2015-03-06
ad.e1024,AD:user,2016-04-05
erp.e1024,ERP:customer_view,2016-04-05
erp.e1024,ERP:ar_receipts,2016-04-05
ad.e1025,AD:user,2019-05-11
erp.e1025,ERP:customer_view,2019-05-11
erp.e1025,ERP:ar_receipts,2019-05-11
ad.e1026,AD:user,2013-03-30
erp.e1026,ERP:customer_view,2013-03-28
erp.e1026,ERP:ar_receipts,2013-03-28
ad.e1027,AD:user,2025-10-17
erp.e1027,ERP:customer_view,2025-10-17
erp.e1027,ERP:ar_receipts,2025-10-17
ad.e1028,AD:user,2013-11-21
erp.e1028,ERP:customer_view,2013-11-21
erp.e1028,ERP:ar_receipts,2013-11-21
ad.e1029,AD:user,2020-05-11
erp.e1029,ERP:customer_view,2020-05-10
erp.e1029,ERP:ar_receipts,2020-05-10
ad.e1030,AD:user,2025-12-28
erp.e1030,ERP:customer_view,2025-12-30
erp.e1030,ERP:ar_receipts,2025-12-30
ad.e1031,AD:user,2015-10-23
erp.e1031,ERP:customer_view,2015-10-22
erp.e1031,ERP:ar_receipts,2015-10-22
ad.e1032,AD:user,2017-03-29
erp.e1032,ERP:customer_view,2017-03-27
erp.e1032,ERP:ar_receipts,2017-03-27
ad.e1033,AD:user,2019-01-30
erp.e1033,ERP:customer_view,2019-01-29
erp.e1033,ERP:ar_receipts,2019-01-29
ad.e1034,AD:user,2021-05-10
erp.e1034,ERP:customer_view,2021-05-09
erp.e1034,ERP:ar_receipts,2021-05-09
ad.e1035,AD:user,2018-10-12
erp.e1035,ERP:customer_view,2018-10-14
erp.e1035,ERP:ar_receipts,2018-10-14
ad.e1036,AD:user,2025-12-16
erp.e1036,ERP:customer_view,2025-12-17
erp.e1036,ERP:ar_receipts,2025-12-17
ad.e1037,AD:user,2013-06-15
erp.e1037,ERP:customer_view,2013-06-15
erp.e1037,ERP:ar_receipts,2013-06-15
ad.e1038,AD:user,2018-08-23
erp.e1038,ERP:customer_view,2018-08-22
erp.e1038,ERP:ar_receipts,2018-08-22
ad.e1039,AD:user,2026-04-21
erp.e1039,ERP:customer_view,2026-04-19
erp.e1039,ERP:ar_receipts,2026-04-19
ad.e1040,AD:user,2015-01-15
erp.e1040,ERP:customer_view,2015-01-15
erp.e1040,ERP:ar_receipts,2015-01-15
ad.e1041,AD:user,2018-01-20
erp.e1041,ERP:customer_view,2018-01-21
erp.e1041,ERP:ar_receipts,2018-01-21
ad.e1042,AD:user,2018-12-26
erp.e1042,ERP:customer_view,2018-12-24
erp.e1042,ERP:ar_receipts,2018-12-24
ad.e1043,AD:user,2015-05-03
erp.e1043,ERP:customer_view,2015-05-04
erp.e1043,ERP:ar_receipts,2015-05-04
ad.e1044,AD:user,2017-04-04
erp.e1044,ERP:customer_view,2017-04-04
erp.e1044,ERP:ar_receipts,2017-04-04
ad.e1045,AD:user,2013-06-17
erp.e1045,ERP:customer_view,2013-06-18
erp.e1045,ERP:ar_receipts,2013-06-18
ad.e1046,AD:user,2019-08-08
erp.e1046,ERP:customer_view,2019-08-09
erp.e1046,ERP:ar_receipts,2019-08-09
ad.e1047,AD:user,2016-01-28
erp.e1047,ERP:customer_view,2016-01-28
erp.e1047,ERP:ar_receipts,2016-01-28
ad.e1048,AD:user,2012-04-12
erp.e1048,ERP:customer_view,2012-04-11
erp.e1048,ERP:ar_receipts,2012-04-11
ad.e1049,AD:user,2017-08-04
erp.e1049,ERP:customer_view,2017-08-06
erp.e1049,ERP:ar_receipts,2017-08-06
ad.e1050,AD:user,2014-12-29
erp.e1050,ERP:customer_view,2014-12-27
erp.e1050,ERP:ar_receipts,2014-12-27
ad.e1051,AD:user,2013-02-20
erp.e1051,ERP:customer_view,2013-02-19
erp.e1051,ERP:ar_receipts,2013-02-19
ad.e1052,AD:user,2023-01-26
erp.e1052,ERP:customer_view,2023-01-26
erp.e1052,ERP:ar_receipts,2023-01-26
ad.e1053,AD:user,2013-12-28
erp.e1053,ERP:customer_view,2013-12-28
erp.e1053,ERP:ar_receipts,2013-12-28
ad.e1054,AD:user,2020-06-29
erp.e1054,ERP:customer_view,2020-07-01
erp.e1054,ERP:ar_receipts,2020-07-01
ad.e1055,AD:user,2021-02-08
erp.e1055,ERP:customer_view,2021-02-08
erp.e1055,ERP:ar_receipts,2021-02-08
ad.e1056,AD:user,2014-08-04
erp.e1056,ERP:customer_view,2014-08-05
erp.e1056,ERP:ar_receipts,2014-08-05
ad.e1057,AD:user,2026-04-09
erp.e1057,ERP:customer_view,2026-04-10
erp.e1057,ERP:ar_receipts,2026-04-10
ad.e1058,AD:user,2015-06-15
erp.e1058,ERP:customer_view,2015-06-17
erp.e1058,ERP:ar_receipts,2015-06-17
ad.e1059,AD:user,2012-03-24
erp.e1059,ERP:customer_view,2012-03-26
erp.e1059,ERP:ar_receipts,2012-03-26
ad.e1060,AD:user,2026-01-29
erp.e1060,ERP:customer_view,2026-01-30
erp.e1060,ERP:ar_receipts,2026-01-30
ad.e1061,AD:user,2012-01-11
erp.e1061,ERP:customer_view,2012-01-12
erp.e1061,ERP:ar_receipts,2012-01-12
ad.e1062,AD:user,2022-01-05
erp.e1062,ERP:customer_view,2022-01-04
erp.e1062,ERP:ar_receipts,2022-01-04
ad.e1063,AD:user,2019-10-25
erp.e1063,ERP:customer_view,2019-10-26
erp.e1063,ERP:ar_receipts,2019-10-26
ad.e1064,AD:user,2021-11-22
erp.e1064,ERP:customer_view,2021-11-21
erp.e1064,ERP:ar_receipts,2021-11-21
ad.e1065,AD:user,2012-03-22
erp.e1065,ERP:customer_view,2012-03-22
erp.e1065,ERP:ar_receipts,2012-03-22
ad.e1066,AD:user,2017-11-01
erp.e1066,ERP:customer_view,2017-11-02
erp.e1066,ERP:ar_receipts,2017-11-02
ad.e1067,AD:user,2015-08-23
erp.e1067,ERP:customer_view,2015-08-23
erp.e1067,ERP:ar_receipts,2015-08-23
ad.e1068,AD:user,2019-06-17
erp.e1068,ERP:customer_view,2019-06-16
erp.e1068,ERP:ar_receipts,2019-06-16
ad.e1069,AD:user,2020-08-16
erp.e1069,ERP:customer_view,2020-08-16
erp.e1069,ERP:ar_receipts,2020-08-16
ad.e1070,AD:user,2026-05-27
erp.e1070,ERP:customer_view,2026-05-28
erp.e1070,ERP:ar_receipts,2026-05-28
ad.e1071,AD:user,2014-03-15
erp.e1071,ERP:customer_view,2014-03-16
erp.e1071,ERP:ar_receipts,2014-03-16
ad.e1072,AD:user,2013-08-29
erp.e1072,ERP:customer_view,2013-08-27
erp.e1072,ERP:ar_receipts,2013-08-27
ad.e1073,AD:user,2013-02-04
erp.e1073,ERP:customer_view,2013-02-04
erp.e1073,ERP:ar_receipts,2013-02-04
ad.e1074,AD:user,2012-10-24
erp.e1074,ERP:customer_view,2012-10-26
erp.e1074,ERP:ar_receipts,2012-10-26
ad.e1075,AD:user,2024-06-16
erp.e1075,ERP:customer_view,2024-06-17
erp.e1075,ERP:ar_receipts,2024-06-17
ad.e1076,AD:user,2022-02-22
erp.e1076,ERP:customer_view,2022-02-24
erp.e1076,ERP:ar_receipts,2022-02-24
ad.e1077,AD:user,2016-06-16
erp.e1077,ERP:customer_view,2016-06-16
erp.e1077,ERP:ar_receipts,2016-06-16
ad.e1078,AD:user,2019-01-24
erp.e1078,ERP:customer_view,2019-01-24
erp.e1078,ERP:ar_receipts,2019-01-24
ad.e1079,AD:user,2024-10-16
erp.e1079,ERP:customer_view,2024-10-15
erp.e1079,ERP:gl_reporting,2024-10-15
ad.e1080,AD:user,2018-05-09
erp.e1080,ERP:customer_view,2018-05-08
erp.e1080,ERP:gl_reporting,2018-05-08
ad.e1081,AD:user,2019-05-21
erp.e1081,ERP:customer_view,2019-05-21
erp.e1081,ERP:gl_reporting,2019-05-21
ad.e1082,AD:user,2012-12-30
erp.e1082,ERP:customer_view,2012-12-29
erp.e1082,ERP:gl_reporting,2012-12-29
ad.e1083,AD:user,2017-10-22
erp.e1083,ERP:customer_view,2017-10-22
erp.e1083,ERP:gl_reporting,2017-10-22
ad.e1084,AD:user,2019-08-30
erp.e1084,ERP:customer_view,2019-08-28
erp.e1084,ERP:gl_reporting,2019-08-28
ad.e1085,AD:user,2021-06-18
erp.e1085,ERP:customer_view,2021-06-18
erp.e1085,ERP:gl_reporting,2021-06-18
ad.e1086,AD:user,2015-09-08
erp.e1086,ERP:customer_view,2015-09-07
erp.e1086,ERP:gl_reporting,2015-09-07
ad.e1087,AD:user,2020-02-01
erp.e1087,ERP:customer_view,2020-01-31
erp.e1087,ERP:gl_reporting,2020-01-31
ad.e1088,AD:user,2018-09-12
erp.e1088,ERP:customer_view,2018-09-11
erp.e1088,ERP:gl_reporting,2018-09-11
ad.e1089,AD:user,2023-01-08
erp.e1089,ERP:customer_view,2023-01-08
erp.e1089,ERP:gl_reporting,2023-01-08
ad.e1090,AD:user,2013-09-22
erp.e1090,ERP:customer_view,2013-09-22
erp.e1090,ERP:gl_reporting,2013-09-22
ad.e1091,AD:user,2016-05-12
erp.e1091,ERP:customer_view,2016-05-13
erp.e1091,ERP:gl_reporting,2016-05-13
ad.e1092,AD:user,2024-10-15
erp.e1092,ERP:customer_view,2024-10-15
erp.e1092,ERP:gl_reporting,2024-10-15
ad.e1093,AD:user,2020-01-13
erp.e1093,ERP:customer_view,2020-01-12
erp.e1093,ERP:gl_reporting,2020-01-12
ad.e1094,AD:user,2016-06-28
erp.e1094,ERP:customer_view,2016-06-27
erp.e1094,ERP:gl_reporting,2016-06-27
ad.e1095,AD:user,2018-06-27
erp.e1095,ERP:customer_view,2018-06-28
erp.e1095,ERP:gl_reporting,2018-06-28
ad.e1096,AD:user,2025-11-01
erp.e1096,ERP:gl_reporting,2025-11-01
payroll.e1096,PAYROLL:payroll_view,2025-09-10
ad.e1097,AD:user,2016-05-20
erp.e1097,ERP:customer_view,2016-05-20
erp.e1097,ERP:gl_reporting,2016-05-20
ad.e1098,AD:user,2013-06-10
erp.e1098,ERP:customer_view,2013-06-09
erp.e1098,ERP:gl_reporting,2013-06-09
ad.e1099,AD:user,2025-10-14
erp.e1099,ERP:customer_view,2025-10-12
erp.e1099,ERP:gl_reporting,2025-10-12
ad.e1100,AD:user,2022-10-27
erp.e1100,ERP:gl_reporting,2022-10-29
payroll.e1100,PAYROLL:payroll_view,2022-10-28
ad.e1101,AD:user,2014-05-30
erp.e1101,ERP:gl_reporting,2014-05-30
payroll.e1101,PAYROLL:payroll_view,2014-06-01
ad.e1102,AD:user,2014-08-14
erp.e1102,ERP:gl_reporting,2014-08-15
payroll.e1102,PAYROLL:payroll_view,2014-08-13
ad.e1103,AD:user,2018-12-15
erp.e1103,ERP:gl_reporting,2018-12-16
payroll.e1103,PAYROLL:payroll_view,2018-12-16
ad.e1104,AD:user,2020-06-17
erp.e1104,ERP:gl_reporting,2020-06-19
payroll.e1104,PAYROLL:payroll_view,2020-06-18
ad.e1105,AD:user,2019-07-01
erp.e1105,ERP:customer_view,2025-09-05
erp.e1105,ERP:gl_reporting,2019-06-29
ad.e1106,AD:user,2013-06-14
erp.e1106,ERP:gl_reporting,2013-06-14
payroll.e1106,PAYROLL:payroll_view,2013-06-15
ad.e1107,AD:user,2022-09-19
ad.e1108,AD:user,2021-10-16
ad.e1109,AD:user,2021-04-21
ad.e1110,AD:user,2017-08-20
ad.e1111,AD:user,2012-10-21
ad.e1112,AD:user,2014-07-23
ad.e1113,AD:user,2024-05-23
ad.e1114,AD:user,2013-07-15
ad.e1115,AD:user,2022-09-09
ad.e1116,AD:user,2013-07-20
ad.e1117,AD:user,2021-09-30
ad.e1118,AD:user,2014-04-13
ad.e1119,AD:user,2017-08-25
ad.e1120,AD:user,2013-09-02
ad.e1121,AD:user,2012-03-25
ad.e1122,AD:user,2012-04-02
ad.e1123,AD:user,2013-05-05
ad.e1124,AD:user,2016-02-19
ad.e1125,AD:user,2024-08-02
ad.e1126,AD:user,2015-08-15
ad.e1127,AD:user,2015-01-14
ad.e1128,AD:user,2025-08-12
ad.e1129,AD:user,2017-11-17
ad.e1130,AD:user,2014-09-01
ad.e1131,AD:user,2019-04-25
ad.e1132,AD:user,2013-11-13
ad.e1133,AD:user,2021-03-20
ad.e1134,AD:user,2017-01-18
ad.e1135,AD:user,2021-07-07
ad.e1136,AD:user,2024-07-11
ad.e1137,AD:user,2016-05-16
ad.e1138,AD:user,2012-11-23
ad.e1139,AD:user,2024-10-27
ad.e1140,AD:user,2017-09-18
ad.e1141,AD:user,2022-06-28
ad.e1142,AD:user,2018-05-15
ad.e1143,AD:user,2017-04-14
ad.e1144,AD:user,2015-08-27
ad.e1145,AD:user,2022-08-27
ad.e1146,AD:user,2016-09-25
ad.e1147,AD:user,2015-03-28
ad.e1148,AD:user,2021-12-01
ad.e1149,AD:user,2022-01-10
ad.e1150,AD:user,2018-05-23
ad.e1151,AD:user,2025-01-25
ad.e1152,AD:user,2026-03-11
ad.e1153,AD:user,2024-01-04
ad.e1154,AD:user,2026-01-15
ad.e1155,AD:user,2014-08-12
ad.e1156,AD:user,2020-05-03
ad.e1157,AD:user,2015-05-17
ad.e1158,AD:user,2019-09-06
ad.e1159,AD:user,2025-08-06
ad.e1160,AD:user,2017-08-17
ad.e1161,AD:user,2012-11-19
ad.e1162,AD:user,2017-11-07
ad.e1163,AD:user,2018-04-29
ad.e1164,AD:user,2018-07-09
ad.e1165,AD:user,2023-12-21
ad.e1166,AD:user,2012-04-01
ad.e1167,AD:user,2023-05-27
ad.e1168,AD:user,2015-01-17
ad.e1169,AD:user,2022-06-23
ad.e1170,AD:user,2013-01-15
ad.e1171,AD:user,2017-05-18
ad.e1172,AD:user,2023-09-20
ad.e1173,AD:user,2012-02-25
ad.e1174,AD:user,2015-08-01
ad.e1175,AD:user,2012-08-17
ad.e1176,AD:user,2012-10-09
ad.e1177,AD:user,2017-09-20
ad.e1178,AD:user,2016-03-17
ad.e1179,AD:user,2022-09-07
ad.e1180,AD:user,2012-03-26
ad.e1181,AD:user,2018-10-19
ad.e1182,AD:user,2024-03-07
ad.e1183,AD:user,2026-02-02
ad.e1184,AD:user,2013-08-12
ad.e1185,AD:user,2013-11-14
ad.e1186,AD:user,2013-12-16
ad.e1187,AD:user,2023-10-10
ad.e1188,AD:user,2026-06-02
ad.e1189,AD:user,2021-02-17
ad.e1190,AD:user,2019-01-23
ad.e1191,AD:user,2025-01-06
ad.e1192,AD:user,2017-01-12
ad.e1193,AD:user,2014-09-05
ad.e1194,AD:user,2021-07-09
ad.e1195,AD:user,2022-09-29
ad.e1196,AD:user,2019-11-05
ad.e1197,AD:user,2014-10-27
ad.e1198,AD:user,2023-08-25
ad.e1199,AD:user,2013-12-27
ad.e1200,AD:user,2025-06-20
ad.e1201,AD:user,2019-11-19
ad.e1202,AD:user,2022-12-11
ad.e1203,AD:user,2018-08-02
ad.e1204,AD:user,2020-08-12
svc.backup,AD:user,2019-03-01
svc.erp_batch,ERP:gl_reporting,2019-03-01
svc.hris_sync,HRIS:employee_view,2019-03-01
svc.monitoring,AD:user,2019-03-01
ad.x000,AD:user,2022-07-11
erp.x001,ERP:vendor_view,2022-05-14
ad.x002,AD:user,2023-12-01
hris.x003,HRIS:employee_view,2023-04-07
ad.x004,AD:user,2024-12-06
erp.x005,ERP:vendor_view,2021-03-28
erp.e1096,ERP:customer_view,2025-10-31
erp.e0235,ERP:po_create,2019-12-12
erp.e0187,ERP:gl_journal_post,2012-12-31
erp.e0187,ERP:gl_reporting,2012-12-31
erp.e0019,ERP:ap_invoice_entry,2014-09-26
erp.e0019,ERP:vendor_view,2014-09-26
hris.e0313,HRIS:employee_edit,2024-04-20
erp.e0943,ERP:ap_invoice_approve,2024-08-16
erp.e0895,ERP:gl_journal_approve,2024-07-12
erp.e1025,ERP:vendor_view,2025-08-22
erp.e1183,ERP:vendor_create,2024-08-02
erp.e1194,ERP:po_approve,2024-10-18
erp.e0016,ERP:payment_approve,2025-02-11
erp.e0633,ERP:ap_invoice_approve,2026-05-06
erp.e0134,ERP:gl_reporting,2025-12-08
erp.e1171,ERP:gl_journal_approve,2025-01-19
erp.e0429,ERP:vendor_view,2024-01-17
erp.e1123,ERP:vendor_create,2024-06-12
erp.e0694,ERP:ap_invoice_approve,2024-06-29
erp.e0858,ERP:payment_approve,2025-03-29
admin,AD:domain_admin,2018-06-01
erp.firefighter,ERP:sap_all,2018-06-01
erp.e0171,ERP:sap_all,2026-02-15
payroll.e0340,PAYROLL:payroll_run,2025-06-18
erp.e0069,ERP:ap_invoice_approve,2025-12-24
payroll.e0334,PAYROLL:payroll_run,2025-03-10
erp.e0923,ERP:po_approve,2025-09-17
erp.e0936,ERP:po_approve,2026-04-13
erp.e0134,ERP:vendor_create,2025-01-14
erp.e0219,ERP:po_approve,2025-05-22
erp.e0259,ERP:po_approve,2024-09-24
erp.e0024,ERP:vendor_create,2024-08-16
erp.e0145,ERP:payment_approve,2025-01-02
erp.e0170,ERP:gl_journal_approve,2025-04-26
payroll.e0301,PAYROLL:payroll_run,2024-09-25
payroll.e0311,PAYROLL:payroll_run,2025-08-11
erp.e0081,ERP:vendor_create,2025-03-26
